0.188888091,0.161052929,0.15041277,0.824770215,0.111832872
0.827719426,0.161362543,0.400331159,0.398196113,0.770696008
0.844660182,0.100997826,0.995176206,0.61552529,0.87838942
0.913895269,0.036168779,0.23784034,0.187628344,0.534308197
0.322443424,0.955009981,0.340764638,0.649310917,0.354539748
0.330625111,0.672038885,0.109380649,0.075682332,0.916931372
0.247686234,0.68640491,0.727942356,0.07051655,0.593236773
0.54572599,0.825999721,0.22293957,0.527252459,0.949446306
0.457373165,0.619941533,0.997977643,0.368230686,0.41162691
0.863738789,0.685755038,0.7069688,0.745699597,0.288800405
0.673202518,0.330626381,0.03234155,0.149302121,0.935121072
0.618885813,0.736543958,0.667134973,0.054536942,0.816897542
0.403879014,0.241251954,0.451785544,0.872511857,0.174470629
0.312131391,0.225359024,0.95397996,0.860507552,0.644738207
0.499074913,0.307580229,0.053748424,0.051531704,0.7518516
0.509996301,0.293894192,0.498635406,0.143698839,0.668090538
0.736872279,0.994575907,0.178275071,0.293633791,0.843948817
0.822437771,0.996209348,0.063842087,0.270737845,0.704969379
0.4226741,0.616206528,0.011009343,0.607890958,0.23082447
0.334578606,0.082992042,0.513420555,0.741148029,0.074943109
0.868350356,0.682761178,0.375191764,0.654038916,0.091934412
0.200241072,0.850454262,0.47704611,0.781063016,0.766403563
0.753347237,0.539060428,0.585220848,0.129973181,0.456190754
0.494186896,0.155848435,0.282480689,0.811620311,0.092134462
0.163356213,0.739965555,0.734531994,0.950781742,0.805444264
0.726350943,0.30724429,0.70499534,0.228337805,0.733220388
0.448407571,0.551782417,0.046459783,0.164526972,0.294877395
0.882285258,0.688983251,0.168784226,0.147330333,0.823469799
0.346411891,0.855349392,0.170592136,0.149503652,0.389883382
0.82373972,0.111517308,0.42190703,0.522690823,0.431877185
0.691075791,0.802820227,0.005670232,0.338455809,0.929610425
0.643923886,0.281217578,0.166572385,0.348033623,0.138276423
0.15207482,0.745162171,0.521079079,0.398273126,0.541341857
0.301731239,0.433659563,0.086918111,0.690111384,0.399744411
0.460234049,0.651492381,0.016979638,0.868251394,0.980701624
0.968603923,0.95989037,0.003609805,0.167578724,0.138968618
0.374625304,0.105033769,0.489282916,0.630395935,0.736089445
0.266240922,0.616231749,0.238691032,0.159940249,0.379294967
0.406475745,0.885030502,0.44067863,0.438459433,0.49936752
0.92443107,0.92398127,0.771473883,0.776618086,0.856707189
0.977323158,0.699360998,0.794729688,0.889296764,0.0856729
0.718429945,0.825938794,0.398847534,0.131669548,0.231132792
0.410633149,0.523181501,0.134096759,0.034712085,0.410911301
0.248301258,0.720100401,0.81625841,0.462206847,0.553470225
0.547995678,0.866176059,0.201287812,0.154113656,0.187664992
0.834602288,0.4906709,0.34488236,0.854874632,0.186073874
0.366203842,0.605274564,0.201723918,0.427682289,0.729203297
0.553032381,0.974402501,0.413504715,0.048733729,0.053046609
0.07416632,0.1455417,0.918115007,0.130967562,0.651233129
0.721430741,0.439474355,0.861273771,0.163715057,0.226736067
0.226763407,0.779900636,0.788499574,0.088535009,0.856307665
0.781388893,0.474193907,0.746119035,0.445793695,0.612375744
0.476962186,0.196490711,0.226695151,0.687296463,0.303188473
0.991863206,0.670166418,0.625911341,0.354681324,0.006388713
0.376186239,0.091057126,0.993866809,0.800196708,0.222357766
0.172030984,0.494762002,0.689870406,0.249223908,0.667110967
0.953778821,0.821224549,0.025488534,0.464089942,0.233993713
0.40833196,0.700948762,0.099174394,0.82564899,0.661169553
0.189899605,0.41251136,0.843172647,0.001243257,0.754292507
0.727861467,0.626246698,0.17162161,0.027661208,0.690137183
0.40415692,0.298687695,0.799094576,0.164982502,0.250325144
0.124755124,0.728407022,0.463511988,0.452476946,0.656541014
0.228148605,0.884509037,0.111034377,0.687590723,0.5032003
0.982956568,0.828193539,0.630216125,0.065776066,0.51675813
0.172715214,0.144391201,0.809753215,0.751419917,0.645832457
0.902809563,0.227036924,0.48077696,0.483241188,0.300208104
0.98922507,0.14405311,0.29487656,0.888726898,0.897207555
0.449427013,0.958046538,0.831874611,0.984571206,0.531345248
0.528353198,0.427794082,0.410860586,0.325455943,0.586067654
0.345556634,0.04920593,0.806434659,0.0261925,0.651184063
0.123020585,0.823977206,0.493513582,0.605411083,0.391439538
0.902422823,0.616054792,0.058904942,0.035912028,0.363873689
0.089605301,0.030957501,0.488769855,0.925590273,0.115826774
0.415773944,0.874203384,0.646733083,0.562780575,0.587210279
0.065967459,0.647465326,0.221754221,0.872603319,0.442931545
0.012941889,0.014539284,0.607723205,0.261847505,0.982298159
0.158751124,0.592543059,0.292926055,0.173872699,0.655420597
0.622217309,0.144008227,0.783134185,0.71607861,0.890649818
0.40522713,0.013232614,0.098452236,0.099927617,0.651074654
0.727621366,0.103608062,0.83351083,0.712064399,0.465149661
0.452893625,0.87788433,0.653480105,0.529739873,0.45691859
0.512028795,0.91018111,0.476889462,0.42385544,0.576244426
0.629348859,0.747449667,0.432670284,0.82427655,0.043560235
0.993130692,0.906119595,0.928030555,0.708925732,0.935786634
0.300835949,0.283816769,0.377843393,0.132148278,0.756882981
0.712636275,0.93501229,0.320967757,0.243215666,0.109349086
0.836989724,0.505954719,0.403353753,0.152252201,0.341563939
0.713446024,0.235257182,0.686568377,0.824716276,0.518524063
0.259994047,0.942557229,0.017121867,0.893223773,0.962612675
0.73333885,0.793233453,0.461414925,0.620135118,0.981730763
0.493182599,0.019759295,0.418214101,0.787227079,0.554953699
0.545844391,0.025938253,0.087660312,0.736589636,0.21253525
0.344275813,0.010965214,0.322927824,0.416012575,0.315884566
0.173104789,0.134193748,0.651260441,0.484131989,0.632613637
0.763066273,0.16322448,0.547530605,0.740304506,0.351146111
0.538172658,0.488786736,0.220304502,0.716292954,0.357936094
0.981974135,0.542505566,0.434320436,0.84323281,0.204612818
0.17914451,0.409524942,0.322216685,0.015757519,0.175140413
0.977875953,0.873066462,0.566011084,0.941320203,0.2916358
0.469505517,0.707337036,0.401267177,0.505028511,0.212162712
0.356361718,0.644164192,0.394925031,0.80982772,0.726708377
0.070729,0.341863626,0.853235471,0.608745582,0.710182884
0.867979866,0.260661699,0.543065943,0.946249669,0.122299084
0.22390265,0.321099293,0.101100831,0.356947631,0.448443782
0.586248328,0.363339969,0.001908752,0.146814227,0.68625245
0.759695023,0.216207258,0.312459978,0.598132987,0.229922725
0.270968156,0.706508077,0.033309228,0.396519137,0.176667086
0.298816665,0.669928571,0.356433698,0.780700728,0.325065305
0.72040295,0.001133115,0.07593237,0.417411686,0.405847771
0.748071881,0.707724251,0.745289497,0.926694101,0.588483183
0.90089638,0.110745552,0.479356725,0.745431499,0.756679225
0.224304262,0.421076892,0.372309297,0.453420628,0.599415567
0.057111063,0.264874743,0.777686246,0.655222511,0.106976639
0.063220152,0.409177828,0.246789313,0.264866269,0.122582549
0.131223067,0.381640477,0.330376634,0.774087731,0.873216041
0.2084175,0.305145122,0.191602278,0.467746347,0.146689552
0.92107117,0.279843999,0.561777433,0.717551389,0.482823626
0.472787324,0.332461788,0.155558119,0.894164347,0.97769698
0.746958262,0.903118775,0.593067315,0.717622483,0.510731345
0.867352716,0.372407337,0.077978342,0.90782646,0.84217723
0.78669751,0.265629007,0.902081923,0.698038542,0.718746378
0.397102834,0.356016839,0.378695702,0.253586547,0.331798467
0.578991909,0.222012304,0.751023781,0.735957649,0.196055468
0.50148277,0.458809867,0.328146456,0.581687599,0.17661299
0.571870073,0.268844804,0.781242463,0.660482175,0.192198133
0.703519062,0.680728736,0.791667053,0.888916454,0.503187821
0.086558851,0.61015685,0.977681569,0.95068062,0.467435115
0.241678893,0.874401344,0.462958397,0.72910756,0.310709671
0.025175916,0.050076278,0.268218386,0.78130131,0.827446578
0.469898513,0.27004789,0.820643094,0.129764972,0.80026395
0.629241996,0.269048265,0.935185407,0.001754797,0.510070995
0.326747016,0.137277001,0.352810318,0.480734388,0.277058587
0.581715047,0.064857166,0.812230576,0.407414354,0.343044493
0.381739836,0.751311426,0.42728701,0.1078902,0.197260731
0.575557574,0.92840712,0.965861207,0.731191036,0.336704088
0.941391724,0.872605956,0.207571852,0.728441014,0.208843439
0.165036211,0.099434984,0.411430418,0.933782646,0.605331205
0.481606379,0.732833468,0.139830492,0.014314662,0.757702199
0.863498119,0.046486087,0.982064149,0.766776072,0.285169089
0.401075126,0.723695767,0.209300086,0.541235237,0.997590168
0.140375119,0.133886531,0.708570008,0.202797979,0.329724689
0.052185778,0.288247031,0.063310428,0.843977157,0.281562578
0.78525887,0.824775074,0.714605899,0.827931151,0.723226186
0.274587541,0.512367371,0.488478829,0.405704758,0.528822086
0.614375426,0.246831094,0.898569974,0.384105585,0.05841341
0.968950958,0.830256057,0.610223807,0.891954246,0.285877608
0.07173927,0.665182481,0.791515279,0.088401957,0.741406598
0.133028611,0.49625091,0.302890315,0.18346655,0.868051719
0.776276803,0.470416807,0.816959668,0.304160493,0.551519368
0.350885891,0.773682576,0.430176789,0.878142331,0.03832622
0.337542908,0.317521694,0.499419013,0.399986154,0.164010335
0.13770122,0.338347645,0.925781352,0.408680401,0.477515932
0.29598278,0.815328614,0.415295897,0.344922479,0.007983649
0.938025885,0.565649736,0.821042695,0.868905208,0.962671376
0.942754351,0.654428355,0.207057718,0.469425509,0.740942887
0.357900214,0.328311229,0.054900623,0.124169656,0.01138232
0.607042072,0.081430846,0.102014171,0.403410589,0.532187654
0.586738387,0.819242015,0.489587254,0.59765065,0.273040906
0.187028481,0.357297422,0.333347334,0.959910679,0.158134597
0.386332689,0.223704868,0.130540784,0.806580939,0.455697598
0.807413296,0.230410024,0.058365994,0.617577036,0.028473517
0.565539292,0.490304918,0.349009942,0.461605396,0.916766112
0.829632403,0.640922568,0.742618354,0.415311305,0.364669298
0.441380496,0.639396586,0.005190725,0.313122343,0.348430531
0.354037413,0.120730621,0.174976164,0.736821708,0.643650431
0.126387551,0.628026316,0.969381638,0.908259933,0.09750863
0.819383081,0.951265077,0.148200406,0.288516384,0.601269474
0.182367232,0.49420629,0.055431057,0.955513755,0.223806969
0.555815929,0.097914322,0.349499106,0.696666083,0.349487595
0.854604361,0.47129813,0.421575184,0.600809513,0.049290064
0.29424987,0.310630685,0.003914954,0.969726622,0.870318698
0.204252996,0.796243121,0.709329458,0.916416614,0.496402715
0.93648642,0.620866615,0.136724905,0.009927318,0.44083711
0.123002995,0.485648082,0.82347544,0.197172308,0.701570135
0.020884021,0.341906584,0.473026725,0.185135875,0.705823204
0.958005933,0.573346497,0.142018415,0.037553307,0.205769863
0.969002831,0.920180027,0.301587473,0.830436094,0.904711084
0.829524419,0.182658582,0.848472182,0.738264552,0.411010315
0.70998448,0.353600232,0.19850333,0.512731428,0.013130339
0.334452872,0.307690182,0.501216724,0.141260444,0.640075963
0.799657233,0.700222248,0.425168961,0.798701472,0.612086161
0.478274691,0.161910984,0.103634537,0.524684242,0.421479425
0.519805692,0.176528001,0.237119062,0.822634152,0.429789984
0.342319295,0.063907197,0.332982553,0.299314472,0.44682721
0.550826148,0.40524943,0.650196718,0.229468084,0.958423011
0.998598604,0.044683709,0.750216155,0.467434323,0.044041699
0.019790347,0.892056099,0.372247406,0.327754387,0.614530611
0.05927474,0.164136799,0.262054213,0.89934364,0.665550209
0.74997527,0.616259672,0.052243815,0.229063722,0.294896263
0.635144446,0.736742033,0.99103119,0.524219885,0.645404257
0.731769573,0.383579697,0.727228908,0.769356708,0.296900252
0.177428301,0.910442808,0.274101339,0.583683969,0.113101016
0.345648383,0.982248355,0.740002364,0.69703904,0.131348623
0.359981108,0.396977796,0.327905613,0.854702262,0.951807701
0.026409444,0.636244691,0.948623071,0.994744539,0.813361742
0.104017351,0.419058679,0.757630667,0.974795818,0.430539191
0.196379771,0.382387614,0.980956217,0.768937784,0.956500213
0.787603626,0.576027967,0.804733662,0.240074876,0.241205677
0.006581619,0.584655777,0.994922492,0.716907191,0.057349174
0.760127732,0.978607337,0.671754843,0.038954056,0.42802152
0.752744003,0.007309027,0.841599263,0.403730134,0.636191976
0.485447536,0.743685372,0.313711116,0.926429063,0.526204843
0.819024677,0.378870928,0.414965145,0.886954141,0.613536504
0.132965746,0.83321439,0.27262415,0.88513104,0.637481605
0.725098937,0.501870551,0.120250637,0.011276637,0.478200675
0.358408435,0.105835472,0.18186076,0.547810469,0.794960665
0.78726722,0.076648098,0.675290675,0.430100565,0.862311571
0.501868863,0.359180401,0.102368417,0.818476128,0.506727227
0.097302546,0.310198813,0.961953114,0.302589318,0.836316312
0.119809292,0.569675748,0.258753163,0.804939393,0.103505007
0.479242125,0.153677281,0.269294567,0.979807188,0.568830626
0.08255516,0.177922299,0.233879381,0.823509222,0.752103882
0.293111341,0.876818033,0.860840791,0.389453164,0.606942232
0.84737172,0.371463564,0.733338965,0.177783064,0.411408565
0.838465644,0.824232559,0.487205978,0.874883418,0.160871627
0.323831144,0.842434527,0.28459867,0.725734892,0.751966173
0.263596436,0.848993501,0.125473305,0.629598003,0.532874015
0.375228169,0.251343453,0.591940787,0.981634248,0.323628902
0.437202766,0.20464142,0.754854174,0.172728559,0.268870077
0.250752087,0.37516031,0.505672146,0.180089637,0.645838333
0.348925981,0.241006278,0.477236759,0.720251132,0.160650517
0.778753193,0.444955507,0.656337562,0.08489248,0.360477382
0.357637578,0.713684285,0.905795394,0.409446251,0.064670608
0.106286002,0.955044278,0.220505852,0.902523064,0.841810236
0.930180135,0.769360491,0.445448653,0.608570337,0.672077313
0.089822681,0.130330133,0.170608793,0.858678722,0.161423057
0.284431151,0.030933157,0.163700344,0.837976605,0.281035943
0.26651786,0.906581743,0.593762038,0.298906009,0.696007657
0.100126377,0.546039514,0.647877111,0.740911072,0.340632485
0.125077487,0.057219142,0.712106875,0.141496903,0.61850394
0.653401379,0.418483739,0.533964916,0.920255426,0.353071699
0.686006149,0.510321012,0.27020935,0.832417927,0.467286345
0.021612514,0.888205169,0.47426986,0.067089861,0.015417361
0.900640766,0.742091482,0.935775836,0.178976646,0.986571632
0.973922852,0.222742241,0.32890728,0.599257931,0.567501832
0.554143118,0.449367158,0.981771876,0.078743039,0.759450209
0.223149467,0.397563089,0.617859435,0.863272117,0.231718792
0.246496759,0.803805421,0.187359056,0.002542329,0.326989879
0.702870236,0.410520062,0.274231025,0.326578907,0.182934144
0.030147921,0.252954489,0.113534182,0.18035029,0.820592789
0.085545211,0.496472984,0.799782122,0.509773423,0.530222012
0.633118465,0.355045575,0.715694495,0.12916187,0.911571283
0.506873561,0.313154926,0.366505479,0.925155399,0.079198299
0.773157374,0.687784045,0.728483384,0.66159403,0.766147426
0.670367325,0.079283849,0.973270654,0.647393901,0.483375701
0.581328947,0.372610454,0.187528405,0.801731866,0.82412939
0.719535675,0.806323938,0.227587902,0.971756336,0.295097244
0.681773774,0.506473093,0.683760682,0.88067,0.509062338
0.730448176,0.92115775,0.57021432,0.676534368,0.067614828
0.34765914,0.041458752,0.355904549,0.898074918,0.06500829
0.412577049,0.342327998,0.028630169,0.357283888,0.17042797
0.143321226,0.478440064,0.066101378,0.435350012,0.843276449
0.418953936,0.809952543,0.242895199,0.142816239,0.565159734
0.922284229,0.130781125,0.535756434,0.309542386,0.244099472
0.900584285,0.416301412,0.59352704,0.783520653,0.40695829
0.739280877,0.148457929,0.419628518,0.917990117,0.673288362
0.696481413,0.09249562,0.5259811,0.825071385,0.74261407
0.984535773,0.354134272,0.671537059,0.470126935,0.592085762
0.044903404,0.63364699,0.995021497,0.204640994,0.923898534
0.709700652,0.163181829,0.67716039,0.195225476,0.802218276
0.618740837,0.87338682,0.142016286,0.653615985,0.81614588
0.079701297,0.842274222,0.74043388,0.033220609,0.559857243
0.91316843,0.335793186,0.939544205,0.510535753,0.64209516
0.312612787,0.114435143,0.761639634,0.315674954,0.973115896
0.749618219,0.352287143,0.341901676,0.294164671,0.864047039
0.432231242,0.435915507,0.126052975,0.25560858,0.784792145
0.176801079,0.119234077,0.413177239,0.312350157,0.836725688
0.986610255,0.720731115,0.717801118,0.086723,0.752529317
0.628345416,0.665260028,0.898091311,0.93076182,0.25616618
0.393391674,0.403681873,0.835418772,0.511749349,0.773679996
0.087265033,0.755405671,0.60645674,0.779675007,0.497052145
0.195389312,0.510453827,0.177773031,0.872651811,0.278943102
0.125081468,0.612780229,0.088690059,0.166318793,0.806893121
0.437111017,0.583531612,0.79411726,0.660733548,0.534268827
0.339458105,0.728999935,0.979955027,0.289580474,0.309411829
0.772121028,0.964191911,0.056827974,0.091862078,0.358726094
0.653286877,0.776081128,0.223711505,0.752026629,0.72454923
0.790454169,0.067886079,0.117061066,0.912310926,0.598660343
0.830793144,0.572238009,0.105318783,0.608419776,0.151918356
0.731970707,0.320385985,0.479548677,0.22857274,0.453434359
0.168005299,0.213008976,0.084618164,0.336440168,0.946500313
0.208548324,0.037274819,0.553752152,0.788930654,0.963752596
0.113376004,0.96158442,0.986759666,0.410145777,0.805493559
0.068931672,0.57830909,0.24033118,0.008215512,0.237132259
0.998901513,0.38353145,0.391303262,0.719228862,0.447724218
0.402216093,0.933273035,0.507059971,0.207703112,0.867770856
0.005020428,0.98463998,0.195944635,0.112483755,0.028851574
0.49199399,0.832305973,0.729470032,0.818173005,0.271959252
0.874426344,0.855729926,0.980237481,0.35325908,0.980879494
0.890463217,0.610354932,0.918033214,0.297993669,0.275447714
0.810955936,0.184257265,0.598871964,0.22725236,0.839206257
0.563401251,0.263043619,0.932892522,0.902017487,0.457060634
0.734567731,0.035138809,0.560354643,0.618447044,0.484888665
0.0556917,0.928074755,0.084171664,0.16498586,0.654945169
0.251399881,0.047615393,0.403586923,0.323278698,0.270653324
0.187324444,0.790540346,0.714573886,0.506134789,0.996736092
0.27867947,0.355898874,0.219225392,0.550007692,0.248811072
0.731501983,0.446001269,0.825336524,0.975548815,0.909082392
0.705276098,0.085239613,0.262469166,0.408342866,0.523792905
0.807198027,0.032905926,0.888530884,0.565714916,0.714707222
0.406146224,0.131301825,0.501670979,0.427432648,0.057417478
0.255656002,0.972956734,0.043521815,0.076219886,0.390055183
0.717745487,0.552331813,0.348961075,0.98719435,0.382119098
0.925392637,0.684257498,0.681527419,0.606649158,0.921766064
0.742040403,0.451279026,0.595222404,0.616443549,0.287677351
0.128593358,0.143172627,0.925432558,0.743309867,0.699371028
0.780636209,0.498800279,0.056782768,0.209362355,0.555472639
0.696524267,0.798822086,0.584691844,0.002236197,0.696845977
0.395500829,0.156000119,0.6316879,0.795022795,0.622952898
0.026058513,0.209948311,0.355431324,0.298694505,0.922252615
0.227277819,0.1879408,0.987373685,0.607744514,0.690205493
0.259325702,0.113512354,0.836675127,0.119329454,0.070805308
0.623900276,0.73622375,0.795957982,0.516778168,0.502498731
0.133691475,0.141068862,0.459462687,0.938538692,0.589731054
0.407066808,0.627898592,0.69636879,0.957677581,0.429148928
0.317250507,0.063524586,0.15066814,0.668565891,0.460677038
0.816283975,0.262409603,0.770156209,0.888226002,0.320326251
0.638693285,0.484120401,0.96940082,0.65580885,0.670743521
0.926244181,0.489132386,0.058879616,0.410066482,0.93452438
0.661955564,0.077283586,0.97406783,0.784425322,0.473723062
0.835905058,0.098255812,0.124159466,0.159919961,0.713087496
0.297957402,0.068103543,0.865490999,0.626622461,0.342626511
0.181434396,0.011021405,0.707303399,0.187650948,0.014876816
0.727385315,0.569489583,0.705097705,0.030185261,0.455019395
0.597941056,0.265302906,0.684991542,0.160445521,0.791199819
0.694787249,0.577275244,0.796829472,0.081421355,0.942839096
0.233751428,0.113413445,0.618019172,0.497653259,0.95431605
0.007620311,0.571398303,0.474618028,0.031170069,0.86325342
0.391303576,0.704424353,0.707481945,0.357074168,0.670048723
0.776366805,0.398149959,0.267469879,0.199771082,0.979821853
0.80633014,0.815741084,0.691213678,0.946081776,0.489155383
0.902767201,0.74929385,0.206094032,0.532148104,0.883328196
0.83150693,0.253581238,0.255042736,0.279125791,0.866079116
0.849378856,0.575170916,0.705318802,0.003910348,0.560899577
0.034795168,0.114527727,0.128395629,0.134432754,0.860705263
0.635038989,0.077942674,0.782663603,0.366252767,0.102501135
0.479783928,0.132708701,0.05583715,0.760153701,0.130728079
0.563611469,0.931703283,0.972264313,0.724016342,0.276410957
0.83377857,0.61863504,0.730365298,0.180585232,0.769089087
0.147372479,0.533938937,0.506416009,0.288943624,0.044983386
0.443458207,0.788753772,0.464588739,0.220340367,0.290417844
0.151991145,0.579175148,0.036175325,0.6588741,0.462969446
0.019374741,0.599215664,0.396805307,0.342153135,0.074507826
0.573941933,0.871707556,0.442442543,0.233025036,0.406625212
0.142357385,0.647213118,0.599589029,0.222816686,0.25364073
0.114175205,0.722141543,0.804603804,0.664155959,0.364274425
0.525584944,0.343479806,0.529202216,0.871512238,0.400615364
0.599224746,0.491946861,0.664253139,0.603568446,0.58002096
0.115447611,0.81091762,0.505130755,0.889793391,0.58464796
0.102939889,0.001163354,0.386988344,0.037448822,0.785086659
0.722449957,0.321665983,0.920902259,0.896665469,0.326626791
0.159566928,0.172655912,0.947589746,0.566901936,0.354343287
0.517869792,0.171696898,0.044486036,0.46151472,0.066581183
0.848974947,0.537264651,0.84304553,0.808717947,0.264485209
0.056397413,0.728214336,0.077230066,0.923603298,0.903663845
0.020215859,0.388037818,0.525221159,0.021162253,0.277102876
0.553965966,0.515487859,0.682747952,0.87548225,0.075793354
0.876669827,0.803090642,0.034615655,0.652225208,0.204707328
0.849220727,0.971917912,0.637840612,0.06237438,0.140154247
0.411047809,0.459359402,0.134990349,0.253243088,0.957375899
0.869755314,0.376489127,0.99610446,0.304281918,0.231706278
0.772299782,0.38047252,0.800232067,0.888556723,0.707544694
0.042664937,0.846514694,0.856839625,0.869094509,0.197325449
0.598463003,0.510977492,0.451096885,0.35056977,0.160584328
0.206709739,0.48119068,0.658129143,0.495423549,0.676929291
0.862723014,0.526362128,0.352693337,0.046333734,0.350165253
0.743169733,0.394991109,0.913549684,0.389747503,0.878043773
0.227957475,0.704778352,0.144554043,0.043158752,0.49545393
0.097397136,0.880226573,0.325806403,0.318342628,0.599558244
0.732774531,0.768602879,0.604139077,0.075902002,0.051558803
0.350305319,0.843861074,0.733124978,0.568634954,0.754949457
0.562476449,0.081212885,0.061519177,0.700762139,0.668717475
0.045193295,0.77135467,0.266888782,0.825500505,0.571022787
0.372797772,0.935137832,0.109327666,0.219747143,0.076121229
0.014516828,0.912511321,0.451096995,0.366819334,0.476689342
0.077772557,0.575385697,0.41691706,0.503167957,0.033550895
0.873663087,0.353593145,0.288807691,0.850335783,0.476349851
0.317836455,0.287282026,0.450050786,0.227693183,0.100754998
0.938472494,0.146105669,0.723647073,0.223447833,0.09324334
0.42855846,0.305576838,0.633464345,0.197239468,0.112122245
0.909773523,0.568647729,0.512306329,0.50167534,0.255572163
0.157773836,0.155917542,0.071753518,0.458198823,0.273318871
0.674660784,0.999829704,0.014663773,0.750434331,0.796285647
0.813842852,0.828048183,0.706581014,0.463345196,0.631289257
0.641959428,0.91812548,0.759239261,0.388351021,0.343332163
0.13804847,0.52791554,0.71067644,0.966741041,0.2573359
0.851369617,0.07386925,0.729385126,0.689218081,0.434756604
0.815011387,0.994504141,0.375215649,0.703074012,0.356498428
0.213267803,0.68617691,0.698223254,0.282965199,0.855373489
0.571248998,0.273056945,0.510607736,0.94335811,0.493710219
0.858702428,0.464416114,0.237263519,0.898687814,0.359279318
0.747950824,0.546942512,0.23287174,0.62965639,0.210594262
0.274863053,0.187682282,0.393463847,0.223661584,0.187657616
0.657137494,0.271567593,0.081836146,0.249240185,0.276960622
0.968446821,0.923174448,0.239169402,0.463072004,0.644803285
0.27739828,0.030485458,0.525704382,0.394060809,0.159911211
0.427312024,0.660724537,0.306957702,0.702393205,0.873553621
0.641725882,0.619314259,0.946662505,0.884583146,0.187022706
0.32777497,0.996702869,0.542847068,0.818123948,0.351459916
0.301052848,0.053938388,0.734708304,0.063444126,0.439798244
0.198855961,0.951443521,0.585582492,0.935881102,0.071756277
0.636016901,0.635589095,0.393970895,0.072070905,0.722290026
0.081509667,0.927857174,0.511406688,0.052197479,0.526473402
0.164257676,0.853302042,0.142191274,0.994943013,0.115006907
0.321627499,0.879205907,0.635056064,0.597991862,0.456383455
0.268458373,0.985045781,0.160550735,0.311687975,0.52032862
0.73553696,0.440136295,0.36715751,0.310445828,0.810642333
0.873854035,0.671123482,0.633203457,0.121935956,0.758919101
0.335210185,0.839563225,0.328958192,0.075044216,0.020592073
0.394897433,0.025657813,0.190675982,0.436034337,0.300352112
0.38187362,0.712420762,0.40500828,0.524794285,0.690020155
0.379315478,0.276791038,0.80829888,0.517319747,0.853945119
0.476082166,0.004934931,0.484637969,0.112593092,0.373512171
0.943088286,0.184330239,0.17474582,0.553682297,0.246873804
0.609360497,0.912929394,0.065536985,0.001540961,0.805095951
0.298747945,0.173896565,0.093921823,0.126330919,0.768863209
0.74049488,0.663153634,0.997277158,0.061075367,0.716853682
0.708681253,0.799086509,0.531963697,0.730168035,0.689013074
0.577027941,0.197548328,0.452322545,0.897396124,0.844690441
0.021695734,0.868707416,0.329375825,0.538727291,0.943795494
0.189080894,0.493771461,0.220732027,0.721562797,0.924304431
0.94383677,0.252476488,0.819960233,0.202265164,0.395165078
0.52680011,0.793573113,0.312378019,0.602018231,0.053300117
0.883559009,0.574325291,0.863864858,0.573367037,0.483070342
0.743881033,0.79842776,0.325464104,0.490380211,0.390505008
0.557621934,0.971243675,0.734013087,0.741230818,0.131605143
0.527383787,0.035090243,0.324874256,0.4302621,0.780719707
0.803986489,0.394154494,0.951110431,0.365799938,0.800895464
0.873498168,0.93770146,0.461118577,0.286042824,0.218522455
0.414693344,0.512479888,0.413579774,0.321456225,0.353917827
0.050459242,0.35026867,0.393788271,0.493468284,0.379845927
0.831516947,0.543102294,0.251635093,0.631823285,0.939518721
0.518814596,0.472741341,0.576599446,0.449607859,0.517458411
0.047132341,0.433784998,0.650191181,0.262683993,0.757946101
0.385441791,0.672341926,0.978418753,0.511078261,0.448446511
0.668839041,0.694804555,0.17286363,0.089442177,0.62760051
0.112468942,0.313609619,0.171731682,0.157397515,0.235030649
0.10451372,0.335047623,0.769885765,0.045438426,0.341954774
0.065455737,0.51743573,0.181560331,0.18660149,0.50070485
0.916913903,0.823976201,0.549476671,0.854449604,0.034972354
0.038245054,0.265165833,0.138441858,0.456688888,0.576940311
0.006454648,0.956103873,0.053237355,0.032516891,0.782359453
0.432481077,0.14769863,0.67934421,0.769225761,0.960969314
0.710899181,0.407640866,0.172465638,0.003562186,0.245000678
0.065998929,0.748842351,0.958897339,0.141037126,0.657490507
0.513177426,0.907146605,0.539560775,0.936237036,0.732237506
0.370875522,0.788856146,0.564216939,0.747004793,0.42335151
0.355455382,0.368429726,0.78877647,0.584657885,0.736249684
0.257198385,0.858714675,0.743937914,0.170349431,0.459481669
0.11435445,0.545646753,0.526260823,0.004602486,0.76052587
0.594103835,0.096432101,0.162472848,0.520204753,0.663380063
0.785729399,0.330630457,0.384518344,0.032552194,0.687636537
0.769407436,0.319149741,0.163372558,0.455259174,0.287912747
0.983516139,0.83124268,0.220596686,0.754107689,0.49055526
0.059092874,0.700575995,0.194043771,0.850201177,0.243246573
0.821275308,0.143713194,0.689727797,0.86770285,0.782716568
0.783455474,0.259960151,0.970169554,0.028795691,0.848862614
0.803516586,0.455321979,0.966761739,0.358375845,0.771607594
0.488296861,0.073249705,0.838389037,0.06939123,0.000545592
0.250924779,0.47366441,0.926574714,0.438407724,0.211629516
0.287446024,0.101331405,0.924792747,0.825897958,0.884463035
0.568280529,0.40364107,0.815236868,0.005633838,0.094627294
0.838967872,0.520323037,0.706287867,0.100984713,0.668566155
0.489172509,0.773193594,0.172023071,0.481812877,0.583032285
0.014915227,0.910575841,0.773592576,0.537464193,0.313278699
0.426634201,0.311926805,0.280322628,0.398520107,0.485008909
0.907047064,0.821728987,0.518147991,0.753540805,0.716376567
0.946680002,0.062573143,0.607058725,0.91222338,0.475376861
0.521895001,0.604859779,0.605259524,0.886071338,0.354762144
0.491582875,0.492176313,0.422071911,0.80032708,0.558482376
0.302939732,0.154333822,0.28225693,0.018439743,0.260211547
0.137177198,0.400795807,0.77775028,0.991079631,0.193781544
0.323740385,0.388451548,0.270549486,0.308900986,0.433835687
0.936622367,0.010830977,0.686898905,0.240151098,0.029797422
0.769359815,0.330929644,0.350263404,0.144550872,0.047866582
0.400713602,0.320644074,0.422597464,0.369485967,0.376226217
0.373545738,0.242322642,0.252405497,0.736461858,0.230212509
0.382103709,0.142464644,0.283374712,0.642890063,0.165537265
0.721329374,0.924842248,0.712641093,0.133678441,0.614650483
0.523848003,0.099674053,0.872144482,0.919195831,0.378682788
0.28388635,0.488747477,0.306033444,0.994782277,0.419652004
0.309570437,0.736386691,0.213810494,0.566762919,0.084201884
0.250436066,0.224395667,0.67137833,0.275583096,0.602449387
0.317908521,0.639775229,0.715608176,0.743540526,0.259122018
0.070006117,0.475912559,0.083309804,0.645797812,0.528022209
0.563726417,0.386794008,0.753910259,0.557012512,0.109208427
0.712608075,0.925572627,0.71227268,0.420280517,0.930405053
0.988651326,0.599297738,0.589642252,0.516151832,0.869636537
0.366757028,0.69505182,0.75447805,0.118737527,0.280879616
0.462184456,0.753680188,0.939363766,0.616503263,0.016072851
0.658793353,0.597952035,0.357080756,0.240909548,0.706084991
0.914897368,0.285755359,0.10908421,0.847280971,0.822370494
0.095235143,0.62641869,0.727648141,0.288993275,0.998525827
0.228452207,0.721938335,0.639531493,0.344442038,0.328302238
0.610806801,0.081647477,0.053736682,0.77778604,0.161650887
0.05325132,0.768495185,0.118554956,0.690698803,0.728388586
0.04679688,0.344320504,0.291487597,0.88151121,0.684374219
0.497545468,0.846037982,0.581029745,0.681238,0.463712507
0.586128805,0.772404009,0.824569841,0.922310213,0.578085001
0.234517652,0.845498111,0.277350949,0.268407931,0.668440278
0.766617766,0.899797964,0.617209917,0.004561598,0.715688384
0.234041576,0.437786927,0.590614951,0.38203091,0.46830568
0.688082675,0.544740624,0.072875156,0.51489861,0.009308229
0.485591795,0.933314585,0.407911686,0.797509699,0.717962645
0.252906153,0.894300715,0.804907669,0.235747872,0.03558378
0.544458688,0.714093696,0.104867802,0.174025415,0.397428229
0.315569545,0.230563844,0.468543787,0.649524826,0.17071991
0.882688139,0.219065344,0.550286189,0.55526302,0.788458879
0.114337242,0.698735767,0.53016375,0.306414565,0.916473611
0.071422087,0.687250231,0.621233291,0.412736502,0.069864162
0.859996748,0.457737862,0.429574248,0.124872219,0.960976615
0.983049397,0.637414206,0.423484879,0.649901926,0.406936842
0.356188469,0.310726117,0.812981375,0.356509183,0.611670192
0.66785531,0.492931628,0.466287968,0.659932946,0.321497363
0.474348727,0.208970803,0.828467093,0.663998054,0.185539422
0.290815009,0.334385559,0.084771192,0.015504768,0.214308494
0.358839652,0.390350274,0.720983257,0.072120681,0.506077224
0.253799639,0.207269459,0.370696271,0.282551992,0.667919923
0.533493481,0.742446236,0.419669887,0.100717361,0.226625582
0.175895822,0.341144419,0.091946223,0.374208482,0.515107987
0.225554701,0.551518371,0.713621956,0.183507967,0.257947351
0.190007696,0.947363396,0.028780504,0.820432738,0.14387478
0.827351797,0.78856077,0.625722732,0.0455486,0.436788248
0.898908936,0.494344144,0.886043884,0.316314047,0.565178857
0.301245793,0.172145311,0.399126754,0.565113598,0.988585493
0.332610445,0.29529831,0.69556471,0.582404222,0.812209422
0.6314252,0.633272341,0.543809128,0.201423674,0.677989605
0.669665749,0.975941958,0.197066129,0.226197897,0.322334513
0.877903947,0.135106679,0.334185954,0.809945032,0.912100405
0.233978924,0.480108919,0.058270078,0.729757699,0.302619484
0.989562674,0.018756471,0.870309321,0.419509445,0.648406319
0.891717257,0.341026383,0.682990515,0.510744788,0.632545222
0.467745266,0.080450296,0.516135271,0.480556081,0.459740458
0.01679346,0.253416177,0.052294148,0.450027075,0.90671581
0.091492827,0.721872868,0.35071705,0.896537551,0.008797232
0.804380352,0.034397027,0.006912673,0.061217588,0.53147109
0.211181848,0.010838644,0.249832479,0.814686614,0.036327012
0.697959652,0.280429978,0.482116901,0.157673091,0.811346564
0.771303017,0.820067502,0.372655726,0.127682157,0.887283137
0.880732849,0.867161015,0.909137205,0.478847494,0.971082404
0.074063262,0.733384732,0.088651921,0.997906962,0.686083652
0.42122225,0.657476111,0.578375706,0.302141547,0.899939112
0.309341271,0.734576756,0.065375796,0.486753214,0.622402183
0.7819837,0.04517994,0.938684554,0.684130086,0.514960463
0.262715145,0.798429923,0.187476429,0.723689442,0.140458705
0.010426217,0.743307489,0.077922201,0.155323713,0.038713308
0.021053591,0.878016139,0.482266006,0.096227534,0.128369735
0.380979146,0.200326419,0.689082976,0.451904321,0.002026798
0.835433042,0.397202663,0.936334199,0.1624365,0.126729864
0.537119201,0.085307199,0.969533445,0.251912707,0.051239701
0.115928616,0.839713298,0.737614154,0.775465522,0.022600639
0.026810865,0.196357481,0.78161392,0.796601465,0.339103246
0.741728666,0.936389181,0.115743825,0.005410497,0.532448621
0.365591478,0.776878274,0.197909933,0.472803278,0.47950829
0.724641417,0.403421103,0.135275921,0.159236545,0.035881535
0.680663223,0.437121572,0.740624108,0.353313649,0.08603944
0.346048931,0.209871474,0.501486563,0.641334626,0.495429894
0.663672002,0.584565431,0.485503879,0.631812847,0.819341964
0.338562986,0.13292742,0.799097081,0.107495138,0.135376267
0.965582128,0.877445443,0.04818598,0.269658106,0.285091382
0.414246039,0.836034266,0.765589362,0.966118427,0.526310505
0.413546362,0.55945762,0.911695604,0.249468286,0.667948233
0.451058826,0.941546959,0.050534824,0.071467774,0.482659647
0.287715808,0.597802893,0.223071437,0.616345087,0.6464136
0.8866703,0.040110967,0.409338739,0.458873216,0.778480746
0.965822687,0.365646763,0.59906493,0.964859296,0.800910888
0.541910342,0.367184156,0.474539113,0.989932779,0.567512387
0.823240098,0.382684341,0.421038922,0.104189365,0.15509016
0.414870273,0.819425831,0.787509412,0.48780882,0.619039243
0.306612736,0.545113695,0.090708423,0.176099286,0.138044322
0.46507754,0.23637092,0.880747895,0.405991249,0.389560407
0.646939857,0.905919731,0.44458541,0.019920812,0.49650876
0.32559253,0.568068963,0.711087543,0.18649372,0.742701338
0.129118029,0.909811157,0.990027258,0.300790293,0.457523428
0.332235504,0.415317002,0.570683931,0.626900953,0.074206048
0.342761054,0.358680002,0.107156142,0.747508753,0.762177989
0.465336468,0.888662654,0.83489156,0.057032541,0.597905141
0.039144635,0.91573408,0.595873345,0.883436532,0.507506393
0.146102482,0.030220323,0.125471011,0.591600439,0.249431897
0.356248807,0.57674245,0.926497852,0.573572749,0.340881348
0.118249128,0.650524747,0.618889005,0.020909358,0.747982901
0.50112615,0.220845655,0.363294005,0.109735412,0.890076646
0.360988749,0.90230865,0.414055348,0.184303851,0.181153442
0.719627601,0.730755953,0.052879803,0.735631901,0.157495054
0.45102034,0.534384053,0.329766079,0.23963511,0.70215993
0.126262491,0.327807515,0.729913755,0.181966155,0.593476274
0.089963949,0.27319341,0.735807292,0.600836043,0.315912314
0.839166104,0.381944135,0.609104561,0.154050331,0.28864483
0.304423685,0.689886123,0.591399739,0.765706982,0.45833323
0.11769565,0.769030446,0.694354054,0.93554334,0.31128557
0.597353796,0.492992922,0.428740751,0.796374895,0.277134876
0.04240844,0.838351436,0.279771092,0.884605553,0.623872455
0.67000893,0.028416437,0.034203314,0.043325671,0.943868868
0.602687484,0.732151729,0.818622629,0.559103069,0.23259311
0.042692094,0.11719953,0.282843622,0.96577136,0.121313813
0.499655655,0.07474253,0.01016532,0.729276899,0.888098525
0.40159865,0.342619566,0.374773263,0.899980749,0.268548181
0.905200082,0.798219506,0.85448641,0.538744031,0.250366342
0.163729238,0.128164057,0.234753947,0.834482148,0.456615746
0.134743024,0.949251448,0.18168654,0.222749437,0.998393713
0.456209684,0.599769828,0.937800321,0.388081545,0.083458171
0.078208789,0.418014984,0.194639813,0.136747083,0.152597664
0.068945915,0.121725402,0.42268972,0.634091058,0.833104499
0.557060246,0.273768476,0.864198281,0.260951517,0.833685297
0.800438117,0.331932171,0.758914089,0.00491867,0.656749535
0.920665607,0.194227335,0.170380824,0.960022106,0.081125359
0.986608158,0.508290908,0.488741062,0.189076038,0.418219264
0.929200224,0.285440939,0.710775675,0.191460169,0.147553489
0.336704097,0.952729513,0.205919217,0.412189685,0.630296006
0.148343619,0.275473564,0.08688164,0.864403163,0.142236417
0.707862979,0.642216754,0.073911211,0.654596512,0.438864246
0.20829559,0.841366521,0.520365612,0.765116319,0.880994971
0.851696928,0.847614722,0.889593614,0.427801303,0.638800538
0.248729604,0.083253327,0.053571198,0.210788418,0.298192962
0.633024248,0.450391984,0.393729425,0.500101749,0.217577644
0.274126214,0.045232287,0.262198503,0.806409833,0.52580111
0.063208162,0.545434528,0.800021775,0.876026945,0.876687897
0.940520716,0.729316721,0.214578608,0.589299538,0.149689082
0.372586876,0.913302011,0.176156754,0.116308431,0.556587898
0.193801212,0.669361516,0.479508665,0.085690568,0.987333111
0.228662238,0.979963745,0.737089446,0.060528264,0.527673869
0.274438885,0.154012436,0.905688699,0.410992048,0.847828382
0.1925415,0.860845928,0.131904752,0.108083437,0.904646236
0.901090899,0.521402234,0.127464228,0.57623876,0.587262044
0.925902604,0.291470055,0.384036577,0.737196766,0.566576206
0.712863489,0.436827881,0.752451094,0.739316764,0.908571865
0.262640577,0.895811226,0.818136688,0.962607471,0.907927809
0.680469705,0.977058929,0.027749767,0.791456216,0.610462363
0.340369985,0.236429626,0.454073037,0.216895898,0.671300599
0.434385594,0.126306858,0.646833956,0.539142961,0.299998058
0.628564862,0.170525139,0.228920471,0.26828274,0.195560593
0.063317864,0.439775481,0.455397036,0.194906721,0.576567192
0.873966725,0.653757104,0.302939363,0.19637765,0.936909196
0.75493375,0.258269853,0.805645776,0.739788889,0.818722837
0.181034072,0.681060689,0.038142767,0.719411757,0.914270478
0.338162051,0.877170452,0.425539083,0.274365682,0.994105437
0.467562103,0.499496047,0.894031196,0.518370253,0.720913046
0.480102951,0.062010162,0.383191378,0.009254076,0.275909325
0.298465921,0.21927015,0.78715216,0.913860006,0.099084955
0.901134039,0.214360914,0.541359362,0.979062751,0.340749785
0.95259437,0.749260793,0.02940549,0.59954468,0.214391567
0.892931183,0.309737423,0.394258859,0.913625286,0.799872338
0.41838393,0.882631895,0.258365294,0.788533207,0.921877982
0.589912353,0.472795814,0.578281584,0.457930059,0.241547725
0.062348236,0.794912758,0.925448903,0.656117429,0.050985178
0.936844385,0.752204576,0.511381685,0.106734921,0.942586961
0.031021762,0.408331631,0.470403064,0.95291474,0.364843537
0.102600715,0.708461909,0.493754775,0.489693649,0.74483262
0.125718382,0.248528251,0.339402972,0.356455745,0.981017116
0.982621072,0.03654597,0.914390085,0.804825321,0.773591991
0.138006397,0.566725376,0.496515664,0.997032652,0.892870044
0.423701516,0.052331129,0.017891072,0.9828041,0.663655086
0.377707022,0.939816712,0.782305222,0.114791105,0.392811509
0.401412978,0.389867819,0.252077138,0.64792642,0.069947978
0.469247929,0.187361242,0.425957859,0.981543565,0.455478201
0.554857414,0.847393558,0.191600925,0.37419996,0.592035125
0.983301169,0.224837934,0.13442246,0.929719834,0.398338401
0.992849958,0.342073898,0.10149544,0.726920477,0.852726785
0.656815906,0.793660742,0.868010165,0.784362575,0.506794045
0.537333977,0.065328288,0.991150105,0.944524926,0.124803564
0.340867081,0.123688844,0.681446245,0.172413129,0.58819645
0.281756143,0.200550976,0.328157094,0.778478509,0.237546084
0.545521912,0.476255957,0.248994741,0.105895028,0.195907065
0.587708028,0.603786594,0.177119937,0.983159483,0.550551394
0.643742876,0.720916436,0.600566761,0.635274907,0.671294101
0.431922358,0.928142226,0.874331847,0.994307505,0.83053179
0.905946827,0.945605002,0.01150365,0.796241798,0.459027628
0.78082944,0.928590841,0.161493098,0.972404375,0.68916749
0.220613709,0.816454501,0.350418396,0.764054241,0.541877424
0.913325559,0.624277404,0.571864264,0.896102834,0.280913243
0.65390813,0.54691634,0.169515111,0.957586944,0.709377326
0.361580555,0.747389998,0.449230575,0.157118046,0.687413398
0.757775291,0.919882403,0.306439876,0.096841552,0.69792493
0.495632212,0.230890499,0.790227443,0.803419916,0.144795195
0.540062987,0.949849354,0.989701143,0.450640653,0.239956917
0.797145957,0.538665049,0.540419458,0.834440764,0.438835793
0.473037852,0.484565807,0.371158879,0.59955975,0.887337459
0.028360742,0.855499732,0.651106984,0.279191971,0.180788616
0.128285641,0.302892298,0.319144907,0.980321311,0.993391207
0.654441917,0.187275093,0.722105051,0.053912015,0.508809184
0.174115244,0.998100908,0.506622537,0.660043359,0.572556925
0.818236175,0.180812138,0.939072354,0.891461155,0.718630758
0.474937176,0.078215798,0.350713124,0.407176067,0.678666188
0.598647489,0.849482135,0.44009155,0.638732802,0.507939727
0.17604703,0.111136481,0.264064337,0.930330728,0.697796502
0.656878057,0.555029781,0.300293768,0.284468763,0.770730463
0.60598684,0.570147227,0.415972603,0.705321567,0.57848133
0.314221705,0.738813173,0.66113658,0.714302827,0.935854481
0.366741053,0.875352628,0.090698961,0.218381271,0.655822341
0.075904512,0.1283481,0.241992636,0.771799905,0.084259162
0.281341466,0.731436743,0.516687021,0.142905913,0.587989932
0.992242768,0.828032155,0.674837119,0.877344524,0.717469964
0.06053308,0.922924534,0.529339102,0.306004606,0.760020573
0.000103725,0.683461086,0.858831514,0.854829936,0.774968705
0.470879901,0.443011519,0.204681992,0.032727763,0.411768418
0.439660871,0.047029916,0.061384993,0.05026842,0.173408486
0.218727002,0.246104134,0.892833788,0.35262076,0.00384471
0.671564436,0.851528879,0.930163443,0.365033639,0.314038882
0.33809626,0.44359562,0.892539571,0.291918685,0.78867403
0.797467324,0.809139602,0.026168227,0.540464192,0.56960996
0.94460773,0.000634902,0.987810963,0.149577436,0.623663375
0.423496973,0.101971947,0.490670187,0.434772008,0.327915007
0.746193285,0.597099922,0.661251325,0.503938731,0.938702366
0.873101139,0.672906077,0.736192856,0.2364832,0.421792351
0.62611172,0.521834742,0.714697353,0.866809855,0.841711483
0.244066352,0.804039162,0.679311389,0.006679235,0.623555562
0.597363391,0.980082294,0.029326455,0.698155791,0.045508791
0.214700465,0.367121079,0.305555839,0.598502836,0.208827453
0.078690815,0.827408537,0.059814955,0.112955199,0.265818049
0.820059633,0.910789696,0.005155378,0.371085056,0.549246874
0.223730725,0.744235861,0.049151074,0.451396173,0.463479393
0.096151679,0.535831451,0.591812415,0.887097088,0.67704155
0.705148551,0.47875866,0.791863458,0.257502329,0.176986882
0.198039365,0.745892604,0.740261344,0.245584076,0.479324987
0.32960494,0.631183805,0.129834813,0.636267114,0.318351499
0.387538867,0.477865311,0.662465321,0.231988812,0.500883355
0.441955814,0.998422888,0.88346316,0.91801575,0.932100984
0.514387672,0.65001793,0.818100253,0.726322395,0.514151315
0.070705712,0.852434748,0.393105192,0.775501132,0.969280101
0.273201205,0.000628324,0.334956914,0.255622502,0.962010642
0.835862377,0.152861623,0.744706258,0.643675622,0.355452563
0.115723437,0.033585163,0.320315474,0.995910196,0.472897586
0.56789874,0.305464841,0.681583825,0.377531206,0.588774422
0.28642114,0.645503379,0.431933994,0.643754456,0.657628568
0.279578091,0.250241389,0.540721096,0.101754807,0.610818226
0.557398547,0.022913433,0.476844777,0.57323932,0.555139357
0.043206306,0.449277497,0.710095473,0.452087237,0.756402182
0.147031952,0.507492217,0.039999654,0.592833936,0.937229803
0.651872609,0.857245026,0.182225852,0.884801107,0.77980984
0.060441339,0.172323632,0.143409873,0.81520285,0.710615591
0.609637379,0.474837907,0.1788006,0.839201146,0.400842212
0.128729264,0.473749699,0.363686865,0.584090202,0.692121513
0.989841022,0.997374445,0.776941408,0.848302385,0.534065207
0.178210176,0.694735586,0.140693424,4.77E-05,0.519472303
0.010432515,0.437495305,0.638430182,0.45955665,0.989854312
0.854096645,0.554638392,0.499453816,0.864006404,0.947425153
0.4758264,0.903026084,0.460132927,0.449057751,0.819690285
0.474061696,0.141386453,0.657447313,0.103849154,0.285936935
0.527051295,0.803062167,0.190060248,0.922046215,0.705467895
0.661695987,0.654845782,0.081147201,0.932992296,0.81517253
0.729632168,0.976592355,0.259927942,0.891884217,0.202729803
0.699822501,0.840924479,0.908678996,0.751597725,0.227021268
0.234197998,0.769521005,0.831172499,0.57978437,0.487995651
0.678762125,0.601486082,0.23858054,0.570723031,0.117607711
0.376323651,0.101746072,0.275448368,0.084191686,0.330646662
0.770491189,0.59374687,0.870348333,0.040907047,0.655782878
0.205500146,0.157030746,0.773805805,0.132573098,0.824309036
0.779451824,0.904614676,0.592994178,0.167633468,0.872713868
0.306217266,0.699432588,0.510596674,0.067501212,0.39118786
0.541489426,0.50924483,0.680451653,0.78840535,0.115011423
0.379192985,0.245471291,0.047942948,0.669849717,0.603023177
0.636964707,0.859798548,0.088075559,0.606776124,0.157761448
0.37939245,0.165265918,0.506243794,0.390193871,0.154152643
0.9722019,0.234201873,0.972761701,0.564692604,0.449591189
0.17605644,0.962010534,0.126170316,0.423284285,0.797841564
0.981619169,0.282479627,0.503967424,0.361364498,0.140040206
0.012966546,0.109874919,0.92848811,0.115369731,0.13898119
0.769466728,0.578555846,0.063780405,0.080836958,0.041356486
0.425546279,0.285975281,0.277208143,0.501831387,0.184465063
0.858726565,0.165101507,0.73649097,0.301881389,0.69785221
0.35073488,0.304833195,0.134789268,0.910389586,0.460342869
0.906557697,0.565384237,0.901822635,0.762193727,0.665814219
0.630457752,0.564097072,0.167361839,0.883927912,0.464621092
0.285443121,0.107271949,0.927434725,0.96884703,0.029679449
0.220095086,0.020190544,0.114361255,0.071074524,0.456104822
0.161222878,0.387738464,0.144167125,0.285883863,0.207486312
0.181790824,0.164663415,0.694618157,0.373096524,0.411764176
0.13740967,0.962267159,0.773274784,0.143591617,0.005218147
0.495417777,0.681595587,0.589749898,0.475822641,0.582123053
0.451148645,0.354238884,0.501942238,0.833429378,0.123726596
0.82353367,0.104978542,0.080868619,0.580952902,0.286265213
0.403453296,0.103243681,0.343037922,0.457074764,0.592206976
0.995864436,0.184242496,0.87733856,0.538595107,0.896791797
0.064025944,0.905134798,0.355028133,0.980693429,0.118179973
0.31170514,0.826310837,0.7730862,0.821209104,0.674328304
0.216413589,0.396350665,0.242771423,0.560053057,0.578422491
0.995789031,0.203240646,0.352361721,0.826265255,0.257227259
0.571963381,0.916367714,0.344627706,0.846236562,0.738330331
0.454073236,0.057803558,0.418932699,0.73517294,0.862388563
0.937210513,0.131405748,0.988290487,0.89992185,0.793521947
0.328082044,0.470853496,0.077023422,0.779608826,0.36589438
0.301078891,0.187059354,0.317064344,0.748571552,0.928477781
0.033914518,0.04911198,0.019264969,0.95568946,0.440259387
0.724022892,0.037053969,0.003977763,0.833173244,0.814612148
0.976859906,0.886726838,0.052323504,0.069463456,0.483818981
0.89332217,0.66561388,0.281171106,0.942664765,0.513661161
0.22913582,0.549722741,0.513549602,0.254103369,0.31973195
0.66087213,0.979454235,0.621656922,0.003215384,0.490046513
0.853054983,0.836619196,0.826166225,0.587268135,0.994321564
0.91113382,0.316667513,0.659427412,0.991568629,0.987961388
0.374501445,0.193319473,0.337710286,0.587902792,0.526529521
0.014169112,0.622968214,0.503615706,0.140150815,0.307863083
0.238246362,0.330533527,0.620646525,0.369597263,0.484341792
0.877773117,0.621807004,0.623193825,0.252435677,0.642468078
0.880460427,0.109604768,0.581785328,0.429653401,0.829695542
0.773436905,0.616330475,0.593483887,0.329155432,0.421322321
0.808302446,0.656322564,0.983658649,0.395139113,0.409282721
0.951864174,0.122564641,0.368118519,0.159167014,0.037023657
0.084020681,0.795582665,0.739039196,0.39857217,0.062488731
0.699011067,0.810964578,0.372560614,0.129090682,0.054517445
0.244921259,0.112713586,0.169874264,0.085271789,0.454533397
0.506230184,0.833933019,0.51469491,0.099208076,0.916395848
0.244525288,0.011089453,0.987283022,0.501655338,0.726570744
0.51010164,0.653575662,0.74578099,0.906486017,0.490502664
0.506419506,0.399651433,0.469053499,0.222548663,0.461123001
0.027771181,0.343673705,0.284704034,0.308649785,0.586792097
0.117476277,0.185446697,0.449521361,0.752174868,0.825060418
0.436531923,0.68839577,0.260163732,0.167253979,0.304173587
0.951567428,0.088907071,0.821344434,0.781258832,0.511532779
0.350179086,0.637762715,0.934656385,0.374095656,0.836332939
0.273841167,0.332255993,0.623248357,0.111316423,0.332060571
0.688225202,0.591550471,0.610031036,0.58293377,0.233343276
0.841502367,0.005922159,0.73216477,0.268480706,0.494548068
0.994415619,0.766727428,0.535846196,0.203809749,0.764188488
0.209225094,0.568866101,0.459367806,0.690299881,0.877151893
0.854526627,0.376130133,0.792532878,0.595364871,0.599121867
0.717443368,0.253509882,0.204969589,0.49079364,0.231432311
0.966836316,0.860865567,0.937001421,0.874226801,0.195417454
0.543949523,0.997580673,0.727434566,0.107314787,0.837031335
0.45091638,0.424560074,0.936809269,0.506239071,0.024472895
0.602781782,0.520909118,0.219965379,0.934524646,0.614582364
0.179824411,0.931784358,0.96174937,0.026773609,0.494412884
0.374233025,0.970450993,0.369444452,0.835057418,0.342190272
0.580798699,0.593981867,0.351315453,0.607096178,0.788053662
0.118980673,0.784714024,0.791533798,0.417970762,0.834883627
0.162821837,0.442475769,0.286829122,0.750220276,0.358042748
0.461558868,0.545364175,0.900114197,0.931141404,0.109684195
0.049270145,0.505122883,0.718010147,0.509919014,0.456991707
0.072162464,0.758326123,0.334881857,0.391036737,0.46839699
0.475774844,0.934030604,0.802221644,0.900147224,0.054411182
0.418153429,0.69159809,0.819333942,0.073977679,0.763387461
0.961880839,0.861253715,0.699490316,0.323553568,0.160205198
0.240025162,0.358428138,0.7445221,0.279337973,0.498196353
0.168144023,0.875701147,0.758762338,0.970098823,0.5501596
0.644837636,0.29260516,0.344732772,0.745567236,0.07654659
0.991180028,0.651374368,0.526769583,0.705898399,0.074629666
0.924222253,0.453380277,0.225143178,0.500942117,0.764618137
0.998507212,0.676643617,0.997682367,0.777844023,0.928480094
0.894515718,0.590764498,0.714477119,0.325099312,0.059517562
0.587547666,0.166835072,0.88302386,0.078143135,0.919089179
0.410835534,0.207506563,0.573632285,0.894573961,0.827520514
0.314729796,0.08346619,0.612166804,0.190865823,0.366769661
0.920832946,0.109184773,0.943105061,0.184098032,0.102837436
0.338711165,0.425636033,0.75918477,0.486507851,0.995103895
0.272577836,0.962901159,0.516151177,0.172618294,0.748831134
0.004330077,0.417040236,0.956164757,0.193588751,0.721985845
0.316364537,0.526436696,0.84567259,0.828426553,0.484635861
0.693927791,0.358615633,0.635432225,0.898327848,0.044121698
0.453107583,0.348391569,0.306513916,0.650252296,0.986918707
0.326484643,0.905976079,0.617177775,0.241130302,0.503038591
0.566312339,0.993128158,0.235983769,0.190254324,0.687488726
0.565477876,0.436005696,0.844588775,0.105531378,0.991763323
0.267664656,0.082887841,0.738615306,0.641200974,0.630721557
0.283350465,0.095926123,0.248553731,0.951201978,0.472774804
0.802657726,0.729153647,0.846016224,0.585658413,0.579650989
0.912913261,0.225807043,0.01870151,0.443746848,0.967347035
0.987154013,0.30504716,0.299378157,0.639546888,0.381018444
0.281913258,0.659500491,0.800204157,0.124170072,0.60294339
0.754567756,0.152030701,0.620899873,0.267806203,0.058558017
0.813828235,0.746709839,0.579959013,0.219007124,0.965155472
0.855856156,0.216511234,0.391841046,0.718258948,0.025457688
0.456683828,0.128001603,0.416785974,0.371259204,0.061467083
0.779793202,0.555152708,0.125589382,0.721406005,0.569085183
0.796237851,0.294108035,0.35196395,0.854938815,0.397760906
0.799600519,0.808828033,0.169316521,0.785965417,0.624116496
0.323142329,0.042228307,0.253987125,0.507461266,0.563384045
0.996800981,0.108372725,0.360342936,0.071427795,0.839282211
0.223678751,0.069393086,0.946950412,0.340077298,0.804980915
0.67843879,0.958302123,0.247989535,0.057575181,0.686178816
0.621582633,0.861322163,0.460587014,0.180241116,0.823578276
0.267905148,0.493235805,0.055538066,0.919496194,0.467902234
0.769171097,0.184836437,0.426723906,0.941446794,0.734875958
0.246386547,0.9166144,0.104781614,0.302540929,0.68380495
0.559895758,0.910297235,0.496425693,0.417374193,0.941651564
0.311885079,0.764709914,0.540180688,0.924950977,0.406304989
0.512670945,0.935837501,0.000945144,0.924324508,0.636103364
0.200145601,0.452721339,0.5929378,0.863351884,0.801172714
0.312015377,0.8898274,0.076030364,0.200811684,0.403191087
0.384247046,0.985588133,0.361177835,0.942870605,0.027882452
0.516095459,0.564889389,0.625855811,0.990636093,0.695747304
0.876025492,0.257695955,0.895017385,0.151057993,0.546123094
0.543881233,0.92204521,0.316863905,0.918100371,0.165731547
0.526719822,0.63069103,0.041782404,0.2910924,0.692816581
0.470049187,0.499853799,0.560526937,0.299331848,0.753886878
0.660460525,0.955298324,0.797947612,0.725542539,0.366947879
0.475327608,0.112698943,0.96972197,0.036391104,0.561138725
0.872230127,0.254289331,0.494442383,0.39961825,0.732712952
0.308850311,0.845534729,0.941710292,0.695401166,0.736741513
0.243074198,0.220288998,0.818758155,0.748738476,0.986456084
0.976167424,0.158606141,0.357150389,0.445109484,0.292602015
0.778309565,0.077662797,0.610702653,0.381886655,0.583953599
0.29207384,0.665479353,0.91936823,0.141391336,0.414098244
0.187754411,0.604651872,0.587436012,0.024984262,0.01854471
0.906107712,0.585983323,0.024243726,0.736065336,0.645253652
0.260063223,0.328943985,0.932678193,0.89370905,0.351918053
0.957587803,0.027416611,0.932806502,0.550445853,0.139062976
0.701590168,0.08916648,0.430933272,0.918033803,0.743722491
0.633838419,0.899672527,0.094760258,0.037605149,0.643829493
0.631350733,0.798744432,0.714740867,0.382753886,0.763092246
0.897136793,0.132654382,0.562984597,0.066045223,0.785778373
0.958334513,0.519624993,0.792468105,0.118083625,0.343675639
0.39791853,0.967850062,0.825731056,0.856440613,0.905383831
0.571730269,0.94491899,0.401572775,0.580521153,0.764772554
0.807094521,0.157924976,0.320041379,0.031271252,0.398209711
0.586417537,0.717214146,0.643890405,0.048417599,0.27644615
0.894585334,0.705836125,0.471113199,0.395555608,0.75516563
0.460443589,0.072139558,0.400815067,0.800266187,0.647064073
0.796524726,0.643550599,0.91998548,0.125476207,0.788075346
0.207000818,0.140248501,0.787433467,0.639720971,0.989850896
0.075426487,0.672570692,0.156315074,0.207157224,0.925033586
0.307458348,0.211963044,0.95836284,0.65240757,0.518102417
0.256987158,0.376307321,0.485994085,0.605222136,0.525367391
0.34811678,0.911305444,0.446872128,0.289982655,0.475389396
0.378513164,0.135865435,0.923615879,0.169688074,0.098529253
0.016433049,0.443955925,0.554943942,0.420260111,0.147905118
0.71563221,0.1808015,0.255368625,0.342201682,0.192104498
0.216569431,0.730037312,0.117508339,0.074577948,0.563562355
0.296148389,0.617846836,0.811576813,0.997548028,0.688570075
0.6377994,0.746664342,0.063923594,0.87050668,0.146619247
0.571949254,0.467423112,0.259469922,0.423168521,0.054283951
0.054203368,0.802742932,0.77887116,0.393280456,0.44212495
0.720654004,0.228942658,0.448819494,0.641054707,0.914342285
0.906413175,0.641005425,0.377212061,0.461919712,0.523773976
0.870237734,0.219015961,0.458770952,0.482206829,0.366602188
0.185692773,0.16614699,0.920946837,0.404803634,0.366432385
0.917169703,0.589167593,0.584948101,0.639025126,0.603534291
0.207197482,0.353220855,0.790259491,0.54188151,0.908694663
0.061461046,0.604524259,0.045751149,0.818152888,0.01658615
0.969639626,0.445473479,0.228603478,0.828138953,0.338340513
0.851020991,0.788414341,0.072729041,0.854289983,0.913256949
0.884367094,0.25840973,0.001454062,0.112788596,0.329448927
0.596736236,0.769796393,0.717631369,0.294345854,0.697111082
0.654893852,0.240855619,0.793901669,0.66811781,0.056329756
0.752550264,0.498402369,0.229399394,0.516471342,0.921213692
0.492508476,0.236346681,0.781007818,0.237119818,0.474697186
0.103648125,0.305273287,0.932853666,0.6546203,0.650446266
0.595639209,0.504381714,0.547363215,0.410431352,0.165910462
0.329798364,0.807218792,0.282566291,0.163434621,0.847453334
0.692423644,0.802593789,0.180297823,0.154705437,0.226121132
0.418269965,0.480041005,0.026449111,0.170104357,0.627936979
0.824365416,0.565651087,0.051530465,0.027260012,0.36636059
0.247868687,0.870443642,0.436890908,0.941957167,0.789000183
0.135901157,0.54013838,0.976601608,0.203042245,0.949707271
0.230445733,0.398388771,0.051576967,0.547055978,0.905862865
0.775057603,0.35211968,0.057900952,0.716578291,0.390466965
0.960335969,0.059474276,0.027272715,0.931764327,0.838778318
0.187800006,0.911338626,0.00782029,0.31147516,0.597249765
0.280825355,0.086972748,0.987995445,0.001027493,0.627632959
0.123777291,0.158678186,0.549267755,0.087817984,0.822430485
0.039708421,0.460465679,0.906033735,0.215364156,0.696011679
0.23602612,0.831292284,0.822287846,0.287885897,0.901055966
0.222280119,0.283648872,0.438929611,0.517458674,0.774850792
0.642037213,0.091378103,0.182872478,0.534788814,0.468088835
0.093049127,0.185280587,0.048807427,0.692141119,0.573181252
0.788963335,0.926751711,0.96207305,0.005995941,0.762395453
0.540017114,0.414763798,0.756869829,0.842582454,0.85608408
0.314383055,0.25803295,0.392890568,0.03151921,0.558236967
0.507405708,0.788178775,0.14041317,0.399111575,0.955981268
0.59186837,0.012016513,0.304003607,0.862989504,0.196028697
0.556954688,0.024260143,0.234383418,0.462213785,0.400169063
0.011804617,0.719513705,0.950485891,0.348391753,0.907487426
0.267206489,0.845120017,0.627902211,0.255937049,0.281344839
0.544680833,0.774993564,0.716216895,0.804527837,0.467643943
0.334230362,0.433921594,0.846994599,0.642910446,0.585010957
0.517463504,0.934932616,0.194266985,0.025867401,0.344403304
0.525910133,0.400409601,0.565394995,0.718080303,0.776383358
0.597527414,0.777821293,0.044831299,0.248214961,0.369566314
0.602301662,0.776307309,0.482097209,0.708813409,0.821422709
0.013223844,0.366154977,0.490673408,0.770079054,0.655389493
0.79928016,0.541727716,0.927005507,0.042575254,0.377163104
0.746250272,0.126648424,0.128975975,0.637987253,0.272284769
0.20294053,0.739392615,0.044971336,0.720685569,0.570231695
0.714341221,0.084037673,0.590856662,0.780306577,0.78154654
0.60318901,0.982813531,0.16074464,0.662538694,0.238083096
0.180520777,0.140766612,0.419256342,0.862193136,0.517819606
0.499214363,0.233873544,0.972376987,0.231326854,0.212097802
0.905871651,0.843202949,0.355756734,0.598687881,0.17014417
0.932304186,0.707744059,0.949183618,0.037140062,0.026465943
0.671300684,0.317940264,0.609119445,0.524074621,0.616445995
0.638494345,0.208083024,0.122449423,0.836444719,0.593402647
0.190648862,0.002145238,0.331148558,0.462412367,0.33973956
0.287613727,0.317312199,0.864945899,0.793138692,0.488365873
0.551168569,0.135897221,0.481737176,0.753210632,0.219741825
0.110188857,0.79186402,0.023172915,0.300741772,0.720207868
0.606100203,0.223586932,0.709325562,0.647931785,0.025261808
0.365063994,0.387980803,0.670693968,0.69077312,0.369151445
0.637797469,0.999573506,0.233686155,0.357821073,0.516176968
0.40969214,0.549822025,0.201280225,0.804924521,0.515433302
0.127393152,0.277033703,0.444154426,0.45305579,0.207567619
0.890350802,0.078252783,0.308926837,0.885016937,0.589884757
0.194653452,0.372667104,0.104080263,0.526733556,0.282868596
0.878239241,0.938308003,0.460936404,0.765254277,0.98764079
0.943202446,0.934743571,0.219997148,0.011685573,0.888256489
0.017387456,0.095160927,0.725498042,0.163477278,0.302021769
0.243631961,0.73356318,0.101631713,0.832526053,0.016220109
0.86802762,0.5523657,0.21144078,0.44014621,0.240861735
0.004869236,0.815757723,0.881353184,0.90468258,0.704121396
0.990944623,0.399276533,0.90943423,0.470590432,0.379790542
0.822819041,0.96441396,0.4381447,0.896867361,0.774079239
0.177883202,0.567393007,0.811114794,0.339431599,0.121597639
