Col1,Col2,Col3,Col4,Col5
0.18888809146420238,0.16105292892696288,0.1504127702525998,0.8247702147554103,0.11183287230275862
0.8277194258724868,0.16136254345104883,0.400331159000502,0.3981961133865768,0.7706960076672201
0.844660181886513,0.10099782620549302,0.995176205519609,0.6155252896856449,0.8783894199796791
0.9138952685419564,0.036168779255092876,0.2378403402407797,0.18762834416630736,0.5343081969025114
0.32244342400394976,0.9550099806308116,0.3407646382285975,0.6493109172840262,0.35453974816238576
0.3306251110157733,0.6720388851049659,0.10938064887311616,0.07568233209352304,0.9169313724492655
0.24768623373487852,0.6864049104199853,0.7279423564551321,0.07051655013435276,0.5932367728578449
0.5457259900662517,0.8259997208239563,0.222939569582428,0.5272524587280554,0.9494463062496303
0.45737316471560596,0.6199415331357327,0.9979776426734485,0.3682306861093537,0.41162690950241676
0.8637387893511083,0.685755037957085,0.7069687998728162,0.7456995967962297,0.2888004054518888
0.6732025178267211,0.3306263812984436,0.03234154998359873,0.14930212119158048,0.9351210722402947
0.6188858125217002,0.7365439583318898,0.6671349732012967,0.0545369415537702,0.8168975424644344
0.4038790137208671,0.24125195422241286,0.45178554364046475,0.8725118570207541,0.1744706289458513
0.3121313908810577,0.225359023722021,0.9539799595791608,0.8605075521136316,0.64473820737769
0.49907491345511523,0.3075802288690602,0.05374842376759181,0.051531704281166824,0.7518516004095832
0.5099963012564223,0.2938941920389899,0.4986354060684772,0.1436988391935793,0.6680905384001323
0.7368722789717066,0.9945759070905128,0.17827507118666708,0.2936337909921567,0.8439488174349674
0.8224377712998368,0.996209348063348,0.06384208744747077,0.2707378454587034,0.7049693786646747
0.422674099611006,0.6162065279375298,0.011009342556667856,0.6078909581245675,0.2308244702771115
0.33457860641241766,0.08299204185486597,0.5134205552710671,0.7411480286040358,0.07494310882060695
0.8683503564092057,0.6827611777690993,0.37519176416917677,0.6540389155557966,0.09193441217655118
0.20024107184998963,0.8504542615151747,0.47704610968111827,0.7810630155137209,0.766403562708168
0.7533472368118121,0.5390604284655023,0.5852208482957618,0.12997318090164633,0.4561907543227207
0.4941868958188925,0.15584843492047729,0.28248068920481206,0.8116203113967405,0.09213446225273536
0.16335621329507777,0.7399655554672205,0.7345319942294446,0.9507817424263358,0.8054442642087856
0.7263509426186655,0.3072442900176158,0.704995340451489,0.22833780544798354,0.7332203884514098
0.44840757142038723,0.5517824167853804,0.046459783139518485,0.1645269724811924,0.2948773953571068
0.8822852582158638,0.6889832513619554,0.16878422609249977,0.14733033312233623,0.8234697991462264
0.3464118913591927,0.8553493924820725,0.1705921363554599,0.14950365227282847,0.38988338192621375
0.8237397195140996,0.11151730815429006,0.42190703022871423,0.5226908226548929,0.43187718491856164
0.691075791317222,0.8028202269762804,0.005670232422613775,0.3384558092596919,0.9296104245566135
0.6439238863484188,0.2812175778315572,0.166572384719886,0.3480336225321019,0.1382764232121202
0.15207481953746327,0.7451621714633185,0.521079078563601,0.3982731261920581,0.5413418567669375
0.3017312391880257,0.4336595634590732,0.08691811135012761,0.690111383810355,0.3997444107006859
0.46023404894026587,0.6514923808543936,0.016979637600277098,0.8682513935588245,0.9807016239097432
0.9686039227459692,0.9598903697254823,0.0036098052979224304,0.16757872439693444,0.13896861827020057
0.3746253035287105,0.10503376874394688,0.48928291589875994,0.630395935446995,0.7360894445881963
0.2662409220997376,0.6162317489121161,0.23869103232623246,0.15994024925132544,0.37929496686299136
0.4064757453089134,0.8850305015514679,0.4406786304739799,0.43845943297606527,0.49936752031266407
0.924431070200132,0.9239812700295467,0.7714738832885769,0.7766180856138147,0.8567071892539139
0.9773231579736811,0.699360998061686,0.7947296881835179,0.8892967643217017,0.08567290014122098
0.7184299446396688,0.8259387938570191,0.3988475344848751,0.1316695480007979,0.2311327916280158
0.41063314890435887,0.5231815008033015,0.13409675890491668,0.03471208510403878,0.4109113011711305
0.24830125756029042,0.7201004013982639,0.8162584103308312,0.4622068468061301,0.5534702247206083
0.547995677901997,0.866176058584663,0.20128781240513272,0.15411365613566763,0.18766499164915063
0.8346022884238429,0.49067089986633816,0.34488235954822233,0.854874631834648,0.18607387390912855
0.3662038419147663,0.6052745635184192,0.20172391827523617,0.42768228936508457,0.7292032973925211
0.5530323805648834,0.9744025009508951,0.41350471530207744,0.04873372854969038,0.053046608796656014
0.07416631987885836,0.14554170043583092,0.9181150069330589,0.13096756198789283,0.6512331293996245
0.7214307408537601,0.43947435478315156,0.8612737708718277,0.16371505651514795,0.22673606686978354
0.22676340674791307,0.7799006364244809,0.7884995738991312,0.08853500854906204,0.856307664527527
0.7813888929019469,0.4741939070000326,0.7461190347184274,0.4457936952477325,0.6123757436728712
0.4769621855242451,0.19649071055443523,0.22669515077853597,0.6872964626108067,0.3031884731625075
0.9918632061864495,0.6701664181411113,0.6259113408566904,0.35468132382094064,0.006388712602192981
0.37618623873189283,0.09105712611369454,0.9938668087899765,0.8001967084358876,0.2223577659217647
0.17203098430490493,0.4947620024101692,0.6898704057548559,0.249223907726004,0.6671109674207196
0.9537788210359182,0.8212245491088634,0.025488534116974937,0.4640899424768391,0.23399371277721448
0.40833196027150775,0.7009487622205925,0.09917439405418882,0.8256489900165248,0.6611695525457967
0.1898996051345163,0.41251135953958284,0.8431726474161888,0.0012432572935507924,0.7542925073727147
0.7278614669056881,0.6262466980765,0.1716216097227149,0.027661207578694058,0.6901371833164821
0.40415691996849157,0.29868769507540127,0.7990945756281969,0.16498250150676452,0.2503251442418162
0.12475512381615594,0.7284070224161008,0.4635119875545356,0.4524769456089289,0.656541014419094
0.2281486050549303,0.8845090371633085,0.11103437718041664,0.6875907234632858,0.5032003001251023
0.9829565684085966,0.8281935388228239,0.6302161246521766,0.06577606624129151,0.5167581296296823
0.17271521355689812,0.14439120137126682,0.8097532148013703,0.7514199174325135,0.6458324567066881
0.9028095633180417,0.227036924087616,0.48077695976166857,0.48324118775977587,0.30020810350209504
0.9892250703781823,0.14405311007250254,0.2948765596185702,0.8887268979477405,0.8972075548050693
0.4494270132176521,0.9580465376024805,0.8318746110973556,0.9845712057729019,0.5313452480119493
0.5283531975658682,0.4277940816117497,0.41086058628156763,0.32545594264916033,0.5860676540067449
0.34555663446280893,0.049205929543543414,0.8064346588037274,0.026192499736940045,0.6511840626323836
0.12302058467089838,0.823977206263354,0.4935135820536135,0.6054110834301674,0.3914395382450876
0.9024228225325702,0.6160547915332703,0.05890494194094631,0.03591202790928072,0.3638736890789709
0.0896053009567146,0.030957501287850686,0.488769854701539,0.9255902726817192,0.11582677390345342
0.41577394377432864,0.8742033840914174,0.6467330829445811,0.5627805754013411,0.587210278515655
0.06596745883001287,0.6474653257535223,0.22175422099868014,0.8726033187577358,0.4429315451438385
0.01294188870424684,0.014539284345412185,0.6077232046693519,0.2618475047437798,0.9822981593884849
0.15875112394278523,0.5925430593963362,0.2929260549461451,0.17387269882759127,0.6554205965479152
0.6222173087275437,0.14400822719110318,0.7831341848493739,0.7160786096990628,0.8906498182866798
0.40522713022096635,0.013232614218495753,0.09845223605860487,0.09992761712595566,0.6510746544679104
0.727621365853062,0.1036080619864782,0.8335108299432673,0.7120643993186405,0.4651496614902956
0.4528936250969522,0.8778843303216443,0.6534801046571059,0.5297398732187354,0.4569185897172072
0.5120287946061735,0.9101811095267466,0.4768894618971534,0.42385544045422807,0.5762444264124547
0.6293488587465198,0.7474496672016353,0.4326702835248266,0.8242765499395804,0.04356023481387561
0.9931306919739606,0.9061195950331844,0.9280305551262789,0.7089257319193248,0.935786633509057
0.3008359486037383,0.2838167692879435,0.377843393314223,0.1321482782486677,0.7568829807031744
0.7126362745632808,0.9350122904992213,0.32096775741435657,0.24321566560979468,0.10934908630921514
0.8369897244276507,0.5059547191652479,0.40335375292606324,0.15225220122532657,0.3415639386736298
0.713446023919409,0.23525718167386223,0.686568377145621,0.8247162763731412,0.5185240627805342
0.2599940466617684,0.9425572289092079,0.017121867494772514,0.8932237727492374,0.9626126748086911
0.7333388504507501,0.7932334528949502,0.46141492536730633,0.6201351177502714,0.9817307625982667
0.49318259946833753,0.01975929483247907,0.41821410066662634,0.7872270788141781,0.554953699252118
0.5458443911502598,0.025938253345200946,0.08766031194548873,0.7365896358895092,0.2125352502273674
0.3442758129759691,0.010965214445480043,0.3229278243763284,0.4160125746654665,0.31588456630160866
0.17310478928255124,0.13419374814411889,0.6512604414980665,0.48413198912874844,0.6326136373772712
0.7630662729498259,0.16322448013508706,0.5475306053839607,0.7403045057368823,0.3511461109675148
0.5381726579968303,0.4887867360653485,0.22030450223368658,0.7162929544016476,0.3579360938074262
0.9819741346067339,0.5425055656600146,0.4343204362107935,0.8432328099276782,0.20461281807053333
0.1791445099088933,0.4095249419035699,0.32221668549574856,0.015757519019271027,0.17514041258958513
0.9778759527360713,0.8730664619797454,0.5660110836829861,0.9413202033366757,0.2916358000295426
0.4695055170706214,0.7073370355315995,0.4012671771545111,0.5050285112072184,0.21216271219708183
0.3563617178154651,0.6441641916573051,0.39492503066362794,0.8098277202930276,0.7267083771349189
0.07072899993827686,0.3418636261872249,0.8532354707465318,0.6087455823665321,0.7101828835522936
0.8679798655951164,0.2606616993405998,0.5430659427547246,0.9462496694836597,0.12229908351028052
0.22390265033735768,0.32109929290210615,0.10110083120267899,0.35694763087802894,0.44844378176932886
0.5862483279117043,0.3633399687541877,0.0019087516613336408,0.14681422675564648,0.6862524502141182
0.7596950232148987,0.21620725817563524,0.31245997800356695,0.5981329872001054,0.2299227251777829
0.2709681562840295,0.7065080771918307,0.033309228370992594,0.396519136994385,0.17666708622182148
0.298816665376784,0.669928570696708,0.3564336981232251,0.7807007284555894,0.32506530541317247
0.7204029501546364,0.0011331148780528988,0.07593237017649468,0.417411686324449,0.4058477708488073
0.748071881023266,0.7077242511865326,0.7452894970651992,0.9266941005174165,0.5884831833587268
0.9008963801921583,0.11074555241807515,0.4793567251812624,0.7454314986012335,0.7566792253234436
0.22430426239304602,0.42107689241183444,0.37230929673042457,0.45342062829987007,0.5994155672631215
0.057111062795075274,0.26487474301443725,0.7776862456166291,0.6552225109421871,0.10697663894876586
0.06322015168238093,0.4091778277538817,0.24678931345984445,0.2648662688945992,0.12258254947317893
0.131223066986061,0.381640476554291,0.3303766344153518,0.7740877314594795,0.8732160413314811
0.20841750047829488,0.3051451223281819,0.19160227822579057,0.4677463472617157,0.1466895523510403
0.921071169837583,0.27984399860025677,0.5617774325511408,0.7175513891653446,0.4828236262932297
0.47278732369160414,0.3324617883456823,0.1555581187081676,0.8941643466383975,0.977696980099525
0.7469582619130375,0.9031187750727773,0.5930673149124688,0.7176224833718655,0.5107313452928265
0.867352715620476,0.37240733716574925,0.0779783422124255,0.9078264598862245,0.8421772300341854
0.7866975104791705,0.2656290074046527,0.9020819234443425,0.6980385424030603,0.718746377999186
0.39710283416883574,0.3560168385217105,0.3786957019297721,0.2535865467235885,0.33179846676206726
0.5789919088255061,0.2220123040537142,0.7510237809025376,0.7359576486963177,0.19605546753920444
0.5014827702506105,0.45880986731264184,0.3281464562259858,0.5816875993587692,0.17661299022140953
0.5718700733111731,0.2688448044780447,0.7812424627426992,0.6604821748275383,0.1921981326396155
0.7035190620304898,0.6807287357270065,0.7916670533635317,0.8889164539887902,0.5031878209677328
0.08655885099586946,0.6101568499771024,0.9776815693988784,0.9506806198627352,0.467435115435627
0.24167889250148045,0.8744013440601514,0.46295839681124773,0.729107560317783,0.31070967092036006
0.02517591596186397,0.050076277850085504,0.26821838643296614,0.7813013095145698,0.8274465777381255
0.46989851342346356,0.27004789031566845,0.8206430939106065,0.12976497163350564,0.8002639500283268
0.6292419964968662,0.2690482652513725,0.9351854071110589,0.0017547966010985627,0.5100709947424836
0.3267470157976632,0.13727700141721144,0.35281031787571093,0.48073438758493714,0.27705858740760514
0.581715047189811,0.06485716629055316,0.812230576174964,0.40741435364892675,0.3430444933455009
0.38173983596123895,0.7513114260612218,0.4272870100420646,0.10789020007215566,0.19726073075732786
0.5755575737386963,0.9284071203617955,0.9658612066393022,0.7311910357556286,0.33670408771644067
0.9413917243978721,0.8726059555614464,0.20757185186344407,0.728441013818789,0.20884343875192446
0.16503621114154854,0.09943498371944104,0.4114304177181023,0.9337826462513823,0.6053312047976355
0.4816063786729873,0.7328334684218876,0.1398304923194128,0.01431466238904966,0.7577021985529288
0.8634981185946449,0.04648608704716317,0.9820641492589642,0.7667760721864725,0.2851690886588315
0.40107512600287054,0.7236957673602828,0.20930008622988971,0.541235236833667,0.9975901676171225
0.1403751185466784,0.13388653149633145,0.7085700076868336,0.20279797924584742,0.3297246892854233
0.052185778069727906,0.28824703132837437,0.06331042760375583,0.8439771568191248,0.28156257773645543
0.7852588695551778,0.8247750739911022,0.7146058991223573,0.8279311507440386,0.7232261858805134
0.27458754053153045,0.512367371459961,0.4884788287676558,0.4057047582744341,0.5288220861362458
0.6143754258847857,0.24683109412886328,0.8985699738467786,0.3841055853799805,0.05841340985299259
0.9689509579479776,0.8302560574214951,0.6102238072045856,0.8919542455685545,0.2858776082539365
0.07173927009999914,0.6651824812405941,0.79151527867177,0.0884019567202845,0.7414065978793044
0.13302861063999794,0.4962509098475456,0.30289031484521234,0.18346655008179125,0.8680517191883591
0.7762768027656894,0.4704168072701578,0.8169596680208326,0.30416049336524453,0.5515193684012172
0.35088589082058586,0.7736825761219978,0.43017678851864893,0.8781423313269101,0.03832622049562584
0.33754290810601295,0.31752169389514273,0.49941901310749015,0.3999861544075697,0.16401033494307093
0.13770121997966422,0.33834764511249205,0.9257813518661399,0.40868040074847456,0.47751593176668106
0.2959827799995315,0.8153286142073206,0.41529589727138394,0.3449224790724533,0.007983649212917165
0.9380258846523042,0.5656497358247043,0.8210426950014185,0.8689052082553582,0.9626713764298628
0.9427543511568062,0.6544283551839037,0.20705771838932108,0.4694255085093457,0.7409428867917305
0.3579002139398306,0.3283112293316268,0.05490062251738359,0.1241696557941494,0.011382320223539244
0.607042072406413,0.08143084569392567,0.10201417066311547,0.40341058949693487,0.5321876539209279
0.5867383874585671,0.8192420154167085,0.48958725385057134,0.5976506501537912,0.27304090598550534
0.18702848122349414,0.35729742209068005,0.3333473341794314,0.9599106787300068,0.15813459666433272
0.38633268942879984,0.22370486800786038,0.1305407842805325,0.8065809393086614,0.45569759815115485
0.807413296156632,0.23041002412742662,0.058365994088854456,0.6175770363899771,0.028473517271468185
0.5655392920335488,0.49030491762617956,0.3490099424962365,0.46160539591381033,0.9167661118199238
0.8296324027747618,0.6409225683152717,0.7426183537990965,0.415311304691275,0.3646692977667524
0.44138049612006736,0.6393965858201589,0.005190725151252851,0.3131223425107649,0.3484305305226101
0.3540374130398646,0.12073062092408904,0.17497616440114494,0.7368217084590882,0.6436504307427257
0.12638755113672206,0.6280263161648011,0.9693816378484655,0.9082599331848428,0.09750862952732109
0.8193830806853367,0.9512650769780779,0.14820040604602736,0.28851638350276954,0.6012694740410031
0.18236723178010084,0.4942062903672101,0.055431057330398326,0.9555137547708746,0.22380696870357353
0.5558159289493955,0.09791432232918351,0.34949910603778644,0.6966660826774125,0.349487595319638
0.854604361152649,0.471298130279021,0.4215751843347435,0.6008095127363108,0.04929006359313359
0.2942498700086047,0.3106306849149342,0.003914953805111421,0.9697266216118675,0.8703186983163573
0.20425299584738865,0.7962431208992169,0.7093294579424916,0.9164166143889702,0.4964027154613676
0.9364864203869627,0.6208666152502462,0.13672490502503587,0.009927318186666811,0.4408371097305782
0.12300299516485169,0.48564808249134395,0.8234754398637121,0.1971723083095479,0.7015701354737872
0.020884020862954267,0.3419065839810562,0.4730267252730568,0.1851358749767945,0.705823203841447
0.9580059330162062,0.5733464966867453,0.14201841470899246,0.03755330746268759,0.20576986294796185
0.9690028313599317,0.9201800273859904,0.3015874729559116,0.8304360935855797,0.9047110835823821
0.829524418852964,0.18265858206497587,0.8484721816209293,0.7382645515323321,0.41101031515643194
0.7099844802950076,0.3536002317916582,0.19850332984686891,0.5127314283186876,0.013130339175927652
0.33445287220726494,0.3076901822628082,0.5012167236408679,0.1412604442172385,0.6400759633530119
0.7996572326102291,0.7002222481062972,0.4251689609965166,0.7987014718289684,0.6120861608729785
0.4782746908804094,0.16191098438946572,0.1036345369837024,0.524684241710679,0.421479425067129
0.5198056924250882,0.17652800107538535,0.23711906189391385,0.8226341523803476,0.42978998378360944
0.34231929473324274,0.06390719651647225,0.3329825531797793,0.2993144724926814,0.4468272104551084
0.5508261480843827,0.405249430187242,0.6501967178763619,0.2294680843411202,0.958423011232424
0.9985986043453408,0.044683708621687135,0.7502161552709824,0.46743432338641533,0.04404169865375107
0.019790347417720566,0.8920560991914028,0.3722474064504788,0.327754387126994,0.6145306108000512
0.05927473997354238,0.16413679946849213,0.26205421269284,0.899343639997945,0.6655502090998435
0.7499752704409135,0.6162596720288012,0.05224381472327566,0.22906372205663816,0.2948962626011262
0.6351444457409722,0.7367420328779208,0.9910311902580395,0.524219884741372,0.6454042572889229
0.7317695733181728,0.38357969709878603,0.7272289075189137,0.769356708422166,0.29690025191593283
0.17742830113236863,0.9104428080333797,0.27410133919055724,0.5836839689248549,0.11310101606272327
0.34564838309728985,0.9822483553137559,0.7400023644686624,0.6970390396208915,0.13134862326171493
0.35998110811940076,0.3969777959301134,0.3279056133228829,0.8547022615243712,0.9518077010878931
0.02640944434030268,0.6362446905116659,0.948623070535843,0.9947445390868631,0.8133617417904309
0.10401735076520058,0.4190586786732009,0.757630667383338,0.9747958177090251,0.43053919098309645
0.19637977143531538,0.3823876137020794,0.9809562174184003,0.7689377838802968,0.9565002132907158
0.7876036255685903,0.5760279668039012,0.8047336624659897,0.24007487564319308,0.24120567739035537
0.006581619465209965,0.5846557773767059,0.9949224916323145,0.7169071905727252,0.057349173911227624
0.7601277315368082,0.9786073370177265,0.6717548434620562,0.03895405601242197,0.4280215204409258
0.7527440029053175,0.007309026578323441,0.8415992630429022,0.40373013375594735,0.6361919760486169
0.48544753607516733,0.7436853716656735,0.3137111160103119,0.9264290627987366,0.5262048430872464
0.8190246769807416,0.37887092830100466,0.4149651451388682,0.8869541414943886,0.6135365036425195
0.1329657460238639,0.8332143895783233,0.27262415018380504,0.8851310396881348,0.6374816052785903
0.7250989368339921,0.5018705511904856,0.1202506365777326,0.011276637091434671,0.4782006749766067
0.3584084346686156,0.10583547171095165,0.18186075971866988,0.5478104687619899,0.794960665269661
0.7872672199819837,0.07664809822746554,0.6752906746397699,0.4301005648275117,0.8623115706374322
0.5018688625897079,0.3591804005363072,0.10236841698155785,0.8184761275040867,0.5067272270539275
0.09730254641244396,0.31019881273440186,0.9619531144728699,0.3025893184236874,0.8363163121517095
0.1198092918120458,0.5696757479639906,0.2587531630354557,0.8049393933469987,0.1035050065553309
0.4792421253311705,0.15367728070596787,0.26929456740040236,0.9798071878779714,0.5688306255887272
0.08255515955205639,0.17792229867744735,0.23387938089268756,0.8235092219639774,0.7521038817059805
0.29311134093523294,0.8768180333276596,0.860840790573495,0.3894531641001465,0.6069422321857671
0.8473717204271002,0.3714635643464079,0.7333389652981805,0.17778306423475532,0.4114085648641238
0.8384656436444574,0.8242325585042425,0.48720597800839005,0.8748834181000318,0.16087162724896054
0.32383114432284354,0.8424345272370498,0.284598670346745,0.725734892013584,0.751966173383441
0.2635964359476971,0.8489935009966538,0.12547330508891663,0.629598002936927,0.5328740147086072
0.3752281688202508,0.2513434533980924,0.5919407874237269,0.9816342481593915,0.32362890187365656
0.4372027658948272,0.20464142002984043,0.7548541744195041,0.1727285594811805,0.2688700765698352
0.25075208734992316,0.3751603103534603,0.5056721460763263,0.18008963700057412,0.6458383329881515
0.34892598065656155,0.2410062782363186,0.4772367585494196,0.7202511317535606,0.1606505170898207
0.7787531926420403,0.4449555067569321,0.6563375619613265,0.08489248018601214,0.3604773815801866
0.3576375779246893,0.7136842853414367,0.9057953940973814,0.4094462507160629,0.06467060834606453
0.10628600197928029,0.9550442777418375,0.22050585207226503,0.9025230639186428,0.8418102362116728
0.9301801348410221,0.7693604914216506,0.445448653481755,0.6085703366453409,0.6720773125942059
0.08982268099834134,0.1303301333050585,0.17060879293035347,0.8586787223845979,0.1614230568725875
0.2844311512214879,0.030933157255147226,0.16370034357770247,0.8379766049384717,0.28103594303923884
0.26651786015883916,0.9065817427733532,0.5937620382562613,0.2989060090354302,0.6960076573362147
0.1001263766220305,0.5460395137235862,0.6478771108232662,0.7409110719282996,0.3406324847172384
0.12507748698967625,0.05721914192001876,0.7121068745711553,0.1414969031356702,0.6185039403279582
0.6534013786584656,0.41848373868679045,0.5339649164088699,0.9202554264731982,0.3530716989335876
0.6860061485277021,0.5103210119927722,0.27020935039233873,0.8324179273280791,0.4672863454802766
0.021612513546503287,0.8882051691198322,0.4742698604561014,0.06708986082400792,0.015417360564746185
0.9006407657815887,0.7420914817620168,0.9357758363126542,0.1789766464322764,0.9865716323512165
0.9739228523852006,0.2227422412379555,0.32890727972908296,0.5992579308488223,0.5675018322952752
0.5541431182916955,0.4493671579698021,0.9817718758027203,0.0787430385811756,0.7594502090127996
0.22314946715773465,0.39756308935347107,0.6178594352988872,0.8632721172694164,0.23171879158202757
0.24649675883942312,0.803805420684624,0.18735905571639833,0.0025423285907232307,0.3269898790470165
0.7028702363392118,0.4105200616139594,0.2742310249983404,0.32657890666781586,0.18293414426855426
0.03014792122613308,0.25295448895474737,0.11353418246422953,0.180350290200205,0.8205927890946145
0.08554521067042986,0.49647298429626296,0.7997821216933882,0.5097734225487695,0.530222012431315
0.6331184645511511,0.3550455747048413,0.715694494707076,0.12916186981442102,0.9115712829602775
0.5068735609621942,0.31315492610383544,0.36650547880047923,0.9251553985179564,0.0791982994179865
0.7731573741014901,0.6877840445340329,0.7284833841730161,0.6615940301078589,0.7661474256875703
0.6703673249238853,0.07928384946308686,0.9732706543276216,0.6473939009040198,0.483375700851432
0.5813289470303895,0.37261045439957063,0.18752840452471398,0.8017318655586484,0.8241293902666694
0.7195356749168224,0.8063239377360851,0.22758790191221956,0.9717563363691892,0.2950972439057663
0.6817737740290899,0.5064730929585859,0.6837606819045062,0.8806699999738017,0.5090623378249385
0.7304481758237047,0.9211577497953393,0.5702143202198472,0.6765343683788899,0.06761482777154171
0.3476591402288739,0.04145875201708704,0.3559045491943248,0.8980749183820843,0.0650082895743318
0.41257704923068195,0.3423279984872134,0.028630169450477472,0.35728388803759414,0.17042797003996524
0.14332122590729934,0.47844006373662307,0.06610137848287245,0.43535001212348046,0.8432764494364055
0.4189539357726727,0.8099525434556124,0.24289519884483868,0.1428162392569059,0.5651597341237028
0.922284229112717,0.13078112542182996,0.5357564338312295,0.309542386444704,0.24409947226625595
0.9005842845814171,0.416301412386335,0.5935270403057812,0.7835206534353949,0.40695829002119444
0.7392808768966811,0.14845792908893563,0.4196285179388185,0.9179901169815216,0.673288362051796
0.6964814132683768,0.09249562042730763,0.5259810996611283,0.825071384633533,0.7426140701769958
0.9845357731111606,0.3541342722976353,0.6715370587526395,0.4701269348581769,0.5920857618908639
0.04490340357104572,0.6336469899027642,0.9950214966286273,0.20464099363498256,0.923898534163397
0.7097006516238392,0.16318182911954293,0.6771603897600228,0.19522547603235096,0.8022182757130553
0.6187408374664961,0.8733868203685619,0.14201628645653286,0.6536159846797343,0.8161458795833391
0.07970129715295937,0.8422742223135592,0.7404338801504807,0.033220608948228314,0.5598572432047626
0.9131684295825782,0.3357931859981934,0.939544205195293,0.510535752658676,0.642095159866214
0.31261278655392166,0.1144351430308661,0.7616396340083508,0.31567495364006626,0.9731158959967583
0.7496182186447202,0.3522871431803489,0.34190167556117346,0.29416467110565336,0.8640470389399157
0.4322312422126062,0.4359155069384185,0.12605297520789327,0.2556085798702977,0.7847921450576997
0.17680107944263823,0.11923407673232678,0.4131772390836006,0.312350157156967,0.8367256877434568
0.9866102554800813,0.7207311147475018,0.7178011183171172,0.0867230001434689,0.7525293171741718
0.6283454159547958,0.6652600283180922,0.8980913105111585,0.9307618200286095,0.2561661803436214
0.3933916736252697,0.4036818728102123,0.8354187718098585,0.5117493494254247,0.7736799958783902
0.08726503298108979,0.755405671393017,0.6064567400858334,0.7796750072815255,0.4970521453066814
0.19538931175120033,0.5104538273948312,0.17777303061707372,0.8726518105093682,0.27894310222688923
0.12508146847434587,0.6127802294099906,0.0886900585788426,0.16631879279741568,0.8068931210336351
0.4371110173202596,0.5835316116809037,0.7941172598675114,0.6607335477163667,0.5342688272227306
0.33945810468430604,0.7289999348380781,0.9799550267560977,0.28958047363590345,0.30941182883135687
0.7721210277865005,0.9641919113107549,0.056827973750980254,0.0918620780178101,0.3587260938961896
0.6532868767615796,0.7760811283656143,0.22371150484938207,0.7520266288641246,0.724549229732226
0.7904541691027435,0.06788607876409325,0.11706106641919223,0.9123109264595128,0.5986603432055474
0.830793143763956,0.5722380090615214,0.10531878330287847,0.6084197756341753,0.15191835630228712
0.7319707073985168,0.3203859851370757,0.47954867680428925,0.22857273998411787,0.4534343592483894
0.16800529944236575,0.2130089756946405,0.08461816399263888,0.33644016758948836,0.9465003126186051
0.2085483237517839,0.037274818891355976,0.5537521516196928,0.7889306542515645,0.9637525960954535
0.11337600358119726,0.9615844198241223,0.986759665893849,0.4101457765071006,0.805493558985141
0.068931672241903,0.5783090897426573,0.24033117958692618,0.008215512076518605,0.23713225949674388
0.9989015127436742,0.38353144994527744,0.39130326177780406,0.7192288624703288,0.44772421805429463
0.40221609322179197,0.9332730346282019,0.5070599712694279,0.20770311233285044,0.8677708564584031
0.005020428292619616,0.9846399804591563,0.19594463466245493,0.11248375492126816,0.028851574265737923
0.4919939900071042,0.8323059730926583,0.7294700322797056,0.8181730046905882,0.2719592515147956
0.8744263442313507,0.8557299259184337,0.9802374813287923,0.35325907952017976,0.9808794935421045
0.8904632167702295,0.610354931804803,0.9180332137316194,0.297993668735978,0.2754477137772231
0.8109559355938472,0.18425726545605003,0.5988719643365384,0.22725235985661885,0.8392062571011232
0.5634012510226,0.2630436194922092,0.9328925223563822,0.9020174872703627,0.4570606341387031
0.7345677308145848,0.03513880919794832,0.5603546425573082,0.6184470436201944,0.4848886650866746
0.05569169995259893,0.9280747552037288,0.08417166375764606,0.16498586009192195,0.6549451689919977
0.251399880886945,0.04761539342437815,0.4035869227259573,0.323278697568983,0.27065332363214245
0.18732444419952055,0.7905403463107159,0.7145738858541255,0.5061347893017403,0.9967360916312148
0.27867947028110773,0.3558988738818005,0.2192253919225896,0.55000769151019,0.24881107215784404
0.7315019828574332,0.44600126916080585,0.8253365242450313,0.9755488151230269,0.9090823922817253
0.705276097725887,0.08523961319425677,0.2624691658274705,0.40834286594576263,0.5237929050842345
0.8071980269065634,0.032905925610629216,0.8885308838437115,0.5657149158351688,0.7147072222508103
0.40614622397219524,0.13130182500618093,0.5016709788108907,0.4274326480401478,0.057417478122769317
0.25565600242811004,0.9729567342160511,0.043521814855566276,0.07621988589098083,0.3900551826243982
0.7177454871832091,0.5523318132885402,0.3489610745245534,0.9871943496167421,0.3821190984056728
0.9253926374138708,0.6842574978958923,0.6815274191138505,0.6066491580057233,0.921766063869392
0.7420404026436018,0.4512790262921148,0.5952224042523022,0.6164435489503531,0.28767735057088906
0.12859335757448254,0.1431726273725823,0.9254325575915378,0.7433098667255476,0.6993710277267496
0.7806362090541114,0.4988002788640583,0.05678276842761576,0.20936235544004989,0.555472638620359
0.6965242666280158,0.7988220862245765,0.5846918436373129,0.00223619658747376,0.6968459771334529
0.39550082919272167,0.1560001191880782,0.6316878999666643,0.7950227950729135,0.622952897846459
0.026058513016897433,0.20994831082987198,0.3554313237958865,0.2986945049735158,0.9222526153150512
0.2272778186561828,0.18794080005061142,0.9873736853790541,0.6077445139298537,0.6902054931290933
0.25932570209722505,0.11351235379404168,0.836675126851982,0.11932945443227261,0.07080530782074579
0.623900275866836,0.7362237502737543,0.7959579818261086,0.5167781682371639,0.5024987313504634
0.13369147502442902,0.1410688616380985,0.45946268650317823,0.9385386922532899,0.589731054245869
0.4070668080283193,0.6278985920628302,0.6963687899811833,0.9576775809531903,0.4291489284715091
0.31725050717185854,0.06352458597599864,0.15066814038326515,0.668565891364668,0.46067703756106226
0.8162839752256896,0.2624096029583409,0.7701562094014036,0.8882260016113046,0.3203262512359145
0.6386932847195534,0.48412040139772183,0.969400820140953,0.6558088496705251,0.6707435213116616
0.9262441814537743,0.489132386142359,0.05887961574502465,0.4100664823908239,0.934524380484646
0.6619555640206283,0.07728358572600857,0.9740678303772685,0.784425322205221,0.4737230618224775
0.8359050575284398,0.09825581241794712,0.12415946554383495,0.15991996099030548,0.7130874959666827
0.29795740206664545,0.06810354314025902,0.8654909992857569,0.6266224605168349,0.34262651091535523
0.18143439608867584,0.011021405046799826,0.7073033986166519,0.18765094836018303,0.014876815647077102
0.7273853152594711,0.5694895834351905,0.7050977046371717,0.030185260808033965,0.4550193948474913
0.5979410560242149,0.2653029064043557,0.684991541658708,0.16044552137611612,0.7911998191981697
0.6947872487847129,0.5772752440726195,0.7968294717241718,0.0814213545804815,0.9428390958186645
0.23375142822216755,0.11341344483927063,0.6180191719180186,0.4976532586442004,0.9543160497869193
0.007620311437481875,0.5713983031858131,0.4746180278062281,0.031170069201222006,0.8632534196117116
0.3913035760853447,0.7044243532727474,0.7074819452344653,0.35707416802248226,0.6700487229356002
0.7763668045794591,0.39814995912539053,0.2674698793483766,0.1997710815111462,0.9798218531906632
0.806330140385573,0.8157410838035686,0.6912136779975495,0.9460817757177303,0.48915538302808703
0.9027672007697283,0.7492938501703947,0.20609403175240026,0.5321481041202059,0.8833281960927869
0.8315069296996721,0.2535812383476853,0.25504273592760895,0.2791257907864625,0.8660791164758201
0.8493788555292895,0.5751709157074925,0.7053188015737707,0.003910348341131131,0.5608995767453265
0.03479516791896775,0.11452772662254651,0.12839562924690695,0.1344327539580238,0.8607052628989551
0.6350389891482541,0.07794267386090703,0.7826636030148196,0.3662527666269789,0.10250113500460334
0.479783928370339,0.13270870077593577,0.055837150211824116,0.7601537009370261,0.1307280793248632
0.5636114686351252,0.9317032830304842,0.9722643128385499,0.7240163416944994,0.2764109573654253
0.8337785695485004,0.6186350398110391,0.7303652980167735,0.1805852323314242,0.7690890867477626
0.14737247916899898,0.5339389365172476,0.5064160094638948,0.28894362395443984,0.044983386300779804
0.44345820737648356,0.7887537717572479,0.4645887386318376,0.22034036674151092,0.29041784373440405
0.15199114480792486,0.5791751482539446,0.03617532472122287,0.6588740995788924,0.4629694460249977
0.01937474095266578,0.5992156641579621,0.39680530663100333,0.34215313520939505,0.07450782551107582
0.5739419329013613,0.8717075560429635,0.4424425429700958,0.23302503571535882,0.4066252116876742
0.14235738534570042,0.6472131180723251,0.5995890291280017,0.22281668649897046,0.25364073015920496
0.11417520542685322,0.7221415431736814,0.8046038041696302,0.6641559593159024,0.3642744249997729
0.5255849444406436,0.3434798064662028,0.5292022158792041,0.871512238045439,0.40061536387680385
0.599224746295374,0.4919468610794695,0.6642531389368901,0.6035684460510127,0.5800209595381243
0.11544761098308376,0.8109176201765553,0.505130754998443,0.889793390633125,0.5846479600530841
0.10293988873413695,0.0011633539550446326,0.3869883444874843,0.037448821980104796,0.7850866585877763
0.7224499570975241,0.32166598279079384,0.9209022585252848,0.896665468867207,0.3266267911874431
0.15956692847285625,0.17265591216003096,0.9475897456293222,0.5669019364211542,0.3543432868769736
0.5178697920868136,0.17169689825981793,0.04448603619178371,0.46151472010031735,0.0665811827964583
0.8489749474558571,0.537264650691791,0.843045530447788,0.8087179469372604,0.26448520925459895
0.05639741281242805,0.7282143357303279,0.07723006569529023,0.923603297731502,0.9036638451700616
0.020215859056696206,0.38803781752139777,0.5252211594273427,0.021162253408925857,0.277102876403021
0.55396596639326,0.5154878590926104,0.6827479515784783,0.8754822504707428,0.07579335390521302
0.8766698265490448,0.8030906424426703,0.03461565542860423,0.6522252079182131,0.20470732833269445
0.8492207271702875,0.9719179116293928,0.6378406123576866,0.06237438013008301,0.14015424662321263
0.41104780859128154,0.4593594015847673,0.13499034901026952,0.25324308837423004,0.957375899361347
0.8697553143996338,0.3764891272782722,0.9961044599227926,0.30428191752282574,0.23170627778966624
0.7722997816519858,0.38047252043186053,0.8002320670789499,0.8885567230743688,0.7075446938014012
0.04266493677019001,0.8465146944235982,0.8568396246471408,0.8690945088029166,0.19732544906319927
0.598463002999752,0.51097749201572,0.4510968854714733,0.3505697703710854,0.16058432761701136
0.20670973895818134,0.4811906801286401,0.6581291425996626,0.49542354869277816,0.6769292913432072
0.8627230143515197,0.5263621275098871,0.3526933374697244,0.046333734127213755,0.3501652533551376
0.7431697334747388,0.3949911092224584,0.9135496840035012,0.38974750270988,0.8780437728544443
0.22795747481580364,0.7047783524489081,0.14455404252243687,0.043158752012021795,0.4954539299051125
0.097397135527175,0.880226572514919,0.3258064034304471,0.31834262783563483,0.5995582442642486
0.7327745309031797,0.768602879080635,0.6041390772066818,0.07590200235426092,0.051558802603163034
0.3503053191846002,0.8438610741237506,0.7331249780532199,0.5686349538677742,0.7549494569694195
0.5624764493150877,0.08121288515502711,0.06151917712766053,0.7007621391721317,0.6687174747770681
0.04519329491369617,0.771354669509279,0.2668887816142226,0.8255005046109967,0.5710227872584543
0.37279777208151954,0.9351378317825416,0.10932766588264309,0.21974714292404873,0.07612122932365473
0.014516828385865321,0.9125113209334587,0.4510969954199123,0.3668193341024042,0.4766893420826438
0.07777255655355686,0.575385696526289,0.41691705965756276,0.503167956766833,0.033550894713904156
0.8736630874091668,0.35359314457327384,0.288807690544733,0.8503357832829742,0.4763498511762736
0.31783645495414214,0.28728202592036656,0.45005078621889805,0.22769318271992,0.10075499788114961
0.9384724937449391,0.14610566944759074,0.7236470727143176,0.22344783278788127,0.09324334033817927
0.42855846043607815,0.30557683761995535,0.6334643448357737,0.1972394676819076,0.11212224454739061
0.909773522812608,0.5686477289882905,0.5123063286802683,0.5016753400558948,0.2555721633113004
0.15777383607291384,0.15591754200173302,0.0717535175598446,0.4581988232888705,0.2733188712722846
0.6746607841428548,0.9998297037146185,0.014663772888158011,0.7504343305077582,0.7962856472542374
0.8138428524946144,0.8280481829383218,0.706581014064439,0.46334519583765366,0.6312892570574979
0.6419594282137645,0.9181254801554651,0.7592392614164499,0.3883510206034215,0.3433321627558005
0.1380484701312623,0.5279155397827502,0.7106764395892432,0.9667410406294636,0.2573359004600342
0.8513696165867308,0.07386925008203338,0.7293851256734605,0.6892180808015596,0.43475660413327666
0.8150113865654176,0.9945041408993318,0.37521564888796377,0.7030740118089999,0.3564984280936503
0.21326780278667024,0.6861769096523402,0.6982232541338611,0.2829651987446882,0.855373488871645
0.5712489980337603,0.2730569454605073,0.5106077359354079,0.9433581095841379,0.4937102192770588
0.8587024276776283,0.4644161139997157,0.2372635185564117,0.8986878138182417,0.3592793175869069
0.7479508241161744,0.5469425123667234,0.23287173992546428,0.6296563896157144,0.21059426185844687
0.2748630533807014,0.18768228190038394,0.3934638468126739,0.22366158390687552,0.1876576158226222
0.6571374942005178,0.27156759280030984,0.08183614601490419,0.2492401852061119,0.2769606224715423
0.9684468213774959,0.9231744484927712,0.23916940246951945,0.4630720035103578,0.644803284957791
0.2773982802616328,0.03048545762870447,0.5257043820217456,0.3940608092500919,0.15991121093534433
0.4273120240982653,0.6607245374321288,0.30695770222985364,0.7023932049684672,0.8735536214106896
0.6417258823520307,0.6193142589758078,0.9466625051667039,0.8845831459758996,0.18702270611972605
0.32777497005153,0.9967028690071823,0.5428470681293569,0.8181239483607085,0.3514599159406694
0.30105284791447207,0.05393838837740028,0.7347083042506073,0.06344412577807246,0.4397982442247693
0.19885596139081962,0.9514435214526051,0.5855824917124723,0.9358811015397607,0.07175627717440758
0.6360169010016041,0.6355890951780553,0.3939708953109956,0.07207090524822035,0.7222900256012721
0.08150966654349956,0.9278571744553495,0.5114066883809395,0.052197479361589805,0.526473401640647
0.1642576760182276,0.8533020417821886,0.14219127383820007,0.9949430132685626,0.11500690684684478
0.3216274985894323,0.8792059065258391,0.6350560637068962,0.5979918616066631,0.4563834548207091
0.2684583734367202,0.985045780721611,0.16055073513635454,0.3116879747721265,0.5203286203321104
0.7355369598180498,0.4401362949488816,0.3671575100125516,0.3104458275309021,0.8106423334646409
0.8738540346469486,0.6711234821579181,0.6332034567154405,0.12193595585137929,0.7589191008489735
0.3352101851036373,0.839563224680703,0.3289581924343856,0.07504421591732258,0.020592072651942184
0.3948974329244799,0.02565781326012395,0.19067598163425525,0.43603433714765416,0.30035211186324373
0.38187361976073175,0.712420761809278,0.4050082798753286,0.5247942847521265,0.6900201553584642
0.3793154779610105,0.276791037855621,0.8082988801754365,0.517319746867764,0.8539451185226863
0.4760821661420418,0.0049349309092295846,0.48463796941221915,0.112593092251138,0.3735121712689614
0.9430882864230299,0.18433023889613065,0.17474581998339334,0.5536822969514207,0.2468738044583061
0.6093604971270021,0.9129293943892298,0.06553698537856445,0.001540961318531986,0.8050959506904948
0.29874794462424137,0.17389656487522276,0.09392182257067572,0.12633091898120008,0.7688632091311
0.7404948796115499,0.6631536340927121,0.9972771584560394,0.06107536736657937,0.7168536815215637
0.7086812529288046,0.7990865089559083,0.5319636970526729,0.7301680346232325,0.68901307386042
0.5770279406050631,0.1975483275259453,0.4523225449847871,0.8973961243221101,0.8446904406859975
0.021695733750314306,0.8687074157910224,0.32937582451805536,0.5387272911208979,0.9437954942773826
0.18908089443748466,0.49377146056403853,0.22073202695454963,0.7215627968016176,0.9243044309427608
0.943836770214648,0.2524764876604869,0.8199602325669484,0.20226516392991867,0.39516507812018076
0.5268001104529919,0.7935731128565501,0.31237801891349515,0.6020182314637953,0.053300117251135926
0.8835590087104386,0.5743252914206901,0.8638648576722345,0.5733670368681963,0.48307034231309787
0.743881033179957,0.7984277603266904,0.32546410398958725,0.49038021087352135,0.3905050083390327
0.5576219344458089,0.9712436754744859,0.7340130867948923,0.7412308184574457,0.13160514265385703
0.5273837873549184,0.03509024301510666,0.32487425630777333,0.43026210034538004,0.7807197066063581
0.8039864885080246,0.3941544935712553,0.951110430952502,0.36579993829188706,0.8008954643612262
0.8734981683302229,0.9377014603672826,0.46111857739544015,0.2860428240091927,0.2185224549434932
0.41469334368872957,0.5124798880298983,0.4135797743398435,0.32145622524378425,0.3539178267039713
0.05045924178438799,0.35026867048139276,0.39378827089338553,0.49346828449171165,0.37984592734423095
0.8315169474074193,0.5431022939067507,0.2516350932931337,0.6318232854078839,0.939518720662311
0.5188145964045067,0.4727413408391824,0.5765994455528215,0.4496078590870667,0.5174584114932343
0.04713234126013144,0.4337849979820322,0.6501911813630381,0.26268399305817147,0.7579461006941712
0.3854417913500643,0.6723419262055338,0.9784187530847572,0.5110782613203814,0.44844651137286895
0.6688390409395053,0.6948045548495355,0.17286363009211658,0.08944217734655979,0.6276005104983484
0.11246894236686,0.313609618755906,0.17173168180583076,0.15739751506825606,0.2350306488287609
0.10451372035959072,0.33504762327954707,0.769885764668878,0.04543842640047435,0.34195477427535825
0.06545573748861877,0.5174357301204567,0.1815603305968171,0.1866014900282652,0.5007048502048917
0.916913902924825,0.8239762006197281,0.5494766710672541,0.8544496035147204,0.03497235390892994
0.038245054431096825,0.265165833334297,0.13844185768548933,0.4566888876202152,0.5769403105592106
0.006454648177061206,0.9561038725623775,0.05323735483795111,0.0325168910456316,0.782359453222627
0.4324810773639315,0.1476986304795247,0.6793442100478627,0.7692257605325795,0.960969313884637
0.7108991808846672,0.40764086608478634,0.17246563784287605,0.0035621864544376214,0.2450006776578404
0.06599892904992499,0.7488423512192129,0.9588973387918327,0.14103712597162155,0.6574905074834786
0.5131774263060848,0.9071466045542614,0.5395607750565519,0.9362370360109605,0.732237506470886
0.3708755224474578,0.7888561459424637,0.564216938570084,0.7470047934935322,0.42335150989611237
0.35545538241592767,0.36842972564801835,0.7887764698608126,0.5846578853178996,0.7362496841640578
0.2571983853213544,0.8587146749644884,0.7439379143083241,0.17034943121329582,0.45948166855941575
0.11435444963386521,0.5456467528307516,0.5262608227116382,0.004602485937724388,0.7605258701779809
0.5941038349529967,0.09643210083783316,0.16247284764309533,0.5202047527214899,0.663380062706332
0.7857293991206137,0.33063045740482533,0.38451834392690964,0.03255219412188115,0.687636536816415
0.7694074362363966,0.3191497411891203,0.16337255797786399,0.4552591743968547,0.2879127469253634
0.9835161390531405,0.8312426796769196,0.22059668600139026,0.7541076886169159,0.49055526048584486
0.05909287399082652,0.7005759951439426,0.19404377074264734,0.8502011771387097,0.24324657254288762
0.8212753075151838,0.1437131935055923,0.6897277968214232,0.867702849801711,0.7827165675200661
0.7834554744483858,0.25996015124843663,0.9701695542891816,0.02879569149243122,0.8488626136494912
0.8035165864852606,0.4553219785516699,0.9667617388664985,0.3583758448746056,0.7716075939303837
0.48829686141639084,0.07324970536976894,0.8383890368115638,0.06939122950878152,0.0005455921194079671
0.25092477888856124,0.47366441032602846,0.926574714179357,0.4384077240041372,0.21162951555394027
0.28744602396885266,0.10133140515902983,0.9247927467525026,0.8258979578139813,0.8844630346643574
0.5682805287111512,0.40364107011650774,0.8152368676327056,0.005633838182133699,0.094627294272148
0.8389678723261581,0.5203230370961667,0.7062878674962011,0.10098471310539914,0.6685661546557444
0.489172509158199,0.7731935943531146,0.17202307067223488,0.48181287728074906,0.5830322853169106
0.014915227223738614,0.9105758410112182,0.7735925755413317,0.5374641926475818,0.31327869917088047
0.4266342010649836,0.31192680470367884,0.280322628115648,0.39852010701860463,0.48500890899588056
0.9070470643239333,0.8217289868736399,0.5181479914984936,0.753540804541796,0.7163765670909282
0.9466800019800442,0.06257314304609718,0.6070587251610391,0.9122233800127043,0.4753768612806887
0.5218950010830363,0.6048597790882349,0.6052595236010627,0.8860713379956247,0.3547621440312996
0.4915828751745348,0.492176312999259,0.4220719113356075,0.800327079609982,0.5584823757315894
0.3029397322595032,0.1543338216470339,0.2822569296530564,0.018439742681371496,0.26021154719601947
0.137177197533634,0.40079580731346487,0.7777502804101667,0.9910796314628292,0.1937815440153493
0.3237403852585212,0.38845154803239645,0.2705494862947818,0.3089009857217557,0.43383568746011136
0.9366223668548749,0.010830976800559111,0.6868989049894794,0.24015109753184738,0.029797421522338663
0.7693598151796007,0.33092964434770256,0.3502634035898412,0.14455087162975055,0.04786658203681082
0.4007136015270152,0.3206440736619668,0.4225974637391763,0.36948596717501014,0.3762262174209746
0.37354573804014646,0.24232264162713257,0.25240549667937706,0.7364618579600951,0.23021250853592212
0.38210370898989265,0.14246464413347348,0.28337471239843814,0.6428900628978507,0.16553726450202788
0.7213293735096902,0.9248422479815824,0.7126410926107976,0.13367844091216585,0.6146504831034808
0.5238480028891838,0.09967405284752728,0.8721444824044405,0.9191958313667383,0.3786827878791368
0.28388634994492534,0.48874747726533563,0.3060334442197319,0.9947822769116972,0.41965200387856705
0.30957043731805756,0.7363866909482646,0.21381049424130594,0.5667629191563641,0.08420188412717888
0.2504360660355409,0.22439566733363414,0.6713783298128179,0.27558309644845846,0.6024493872911425
0.3179085210405548,0.6397752290284963,0.7156081760071163,0.7435405256943414,0.25912201808240365
0.07000611747666152,0.4759125587708104,0.08330980416474254,0.6457978117910501,0.5280222094040312
0.5637264171448111,0.3867940076119568,0.7539102585913088,0.5570125120347467,0.10920842652853324
0.7126080749043289,0.9255726266654929,0.7122726795931885,0.4202805174750287,0.9304050528544662
0.9886513263981878,0.5992977376194585,0.5896422519826642,0.5161518317090646,0.8696365373853092
0.3667570281410185,0.6950518201114283,0.7544780501224735,0.11873752667029613,0.2808796159740411
0.4621844564796619,0.7536801878355328,0.9393637663765964,0.6165032632610372,0.01607285065097075
0.6587933526649076,0.5979520354243604,0.3570807555386767,0.24090954763758243,0.7060849911388138
0.9148973683596372,0.28575535919714556,0.10908421003111646,0.8472809707726511,0.8223704944973745
0.09523514289338042,0.6264186897922464,0.7276481408813714,0.2889932746631285,0.9985258274114621
0.22845220703705815,0.7219383350902348,0.6395314927376144,0.3444420383791281,0.32830223845410134
0.6108068007069188,0.08164747738911715,0.0537366815116167,0.7777860397401426,0.16165088674105543
0.05325132027945334,0.7684951846814239,0.11855495573162234,0.6906988027792417,0.7283885857141982
0.04679688010374594,0.34432050423523786,0.29148759654768996,0.8815112104109545,0.6843742192773788
0.4975454679108894,0.8460379818642846,0.5810297451112937,0.6812380002688827,0.46371250705171885
0.586128804939916,0.7724040093877487,0.8245698408011468,0.9223102129300802,0.5780850012574004
0.23451765183621265,0.8454981111820119,0.27735094864006293,0.2684079309514027,0.6684402777358702
0.7666177661206968,0.8997979643257876,0.6172099170647879,0.004561598336757067,0.7156883840127899
0.2340415763745819,0.4377869271369742,0.5906149509138808,0.38203091026799163,0.4683056803579684
0.6880826747138996,0.5447406238970374,0.0728751560113251,0.5148986098999636,0.009308228517509454
0.48559179533572694,0.9333145846896893,0.40791168612079354,0.797509699441895,0.717962644648478
0.25290615342413536,0.894300715059051,0.8049076685828872,0.23574787162751232,0.03558378039717447
0.544458688005011,0.7140936958295431,0.1048678015497756,0.174025414562746,0.39742822855151794
0.3155695449855651,0.23056384364325289,0.4685437873650671,0.6495248262275398,0.17071991023128552
0.8826881386398124,0.2190653442976479,0.5502861888742238,0.555263019673053,0.7884588786211939
0.11433724223325858,0.6987357670102256,0.5301637497160241,0.30641456466123995,0.9164736108461918
0.07142208656230398,0.6872502309240118,0.6212332909182913,0.4127365016943718,0.06986416177296983
0.8599967482593293,0.4577378615734513,0.42957424780349185,0.12487221878455701,0.9609766148378721
0.9830493967253837,0.637414206461329,0.42348487852543837,0.6499019255979995,0.4069368419708138
0.3561884685647365,0.310726116515467,0.8129813753471065,0.356509183395305,0.6116701921904161
0.6678553102739162,0.49293162778957456,0.4662879677774342,0.6599329460742905,0.3214973633882575
0.4743487274442212,0.20897080332613371,0.8284670926786979,0.6639980536579028,0.18553942158997905
0.29081500940724436,0.33438555946398396,0.0847711916533741,0.015504767835916589,0.2143084938423977
0.3588396516576027,0.3903502741121462,0.7209832572005136,0.07212068088760537,0.5060772241553774
0.2537996388426026,0.20726945878960001,0.37069627087034795,0.2825519919565772,0.6679199226411741
0.5334934814036016,0.7424462356374929,0.4196698873940361,0.10071736139176568,0.22662558192906324
0.175895822087914,0.3411444190985605,0.09194622343818826,0.37420848210027824,0.5151079872064945
0.225554701027328,0.551518371433662,0.7136219561263238,0.183507967315085,0.25794735095677634
0.1900076962515932,0.9473633964795157,0.028780503578739736,0.8204327379648716,0.14387478040426582
0.8273517971445712,0.7885607698396285,0.6257227319857402,0.04554860033757757,0.4367882477467896
0.8989089355244666,0.49434414448430763,0.8860438837797622,0.31631404665607443,0.5651788571306798
0.30124579305390753,0.17214531066365457,0.39912675356537075,0.5651135984228578,0.9885854934488184
0.3326104449558538,0.29529831048377797,0.6955647101322932,0.5824042221560118,0.8122094220397595
0.6314252001627959,0.6332723413748431,0.5438091284519927,0.20142367392332616,0.6779896052548205
0.6696657489308163,0.9759419578886644,0.19706612864738482,0.22619789742394258,0.3223345125179119
0.8779039468760538,0.13510667936347576,0.33418595429245046,0.8099450323337617,0.9121004054137748
0.23397892432673773,0.48010891906182784,0.058270077610317994,0.7297576985873334,0.3026194835005287
0.9895626743993156,0.018756471036460498,0.870309320591455,0.41950944473962226,0.6484063189717985
0.8917172567539258,0.3410263830385578,0.6829905151671289,0.5107447883873532,0.6325452219919054
0.46774526558650753,0.08045029584007657,0.5161352706195096,0.48055608082338597,0.45974045791243634
0.01679345953111433,0.2534161770703628,0.052294147736135166,0.4500270752882669,0.906715810290267
0.09149282666142333,0.7218728683210012,0.35071704999864484,0.8965375509698668,0.008797231757631252
0.8043803522818591,0.034397027160701366,0.006912672792260155,0.061217587688942476,0.5314710901751609
0.21118184826436714,0.010838643823354421,0.24983247903525485,0.814686613688157,0.036327011923884656
0.697959652379273,0.28042997836733885,0.4821169005667104,0.157673091236596,0.8113465644260095
0.7713030169390174,0.820067501896735,0.3726557261195048,0.12768215699491403,0.8872831374875944
0.8807328488660178,0.8671610152929988,0.9091372054128197,0.47884749409554195,0.9710824040538111
0.07406326231496374,0.7333847317111383,0.0886519214926259,0.9979069624468979,0.6860836515565587
0.42122224984021595,0.6574761111716948,0.578375705906491,0.3021415470865929,0.8999391115903251
0.30934127050824534,0.7345767560927213,0.06537579608615729,0.48675321358122814,0.6224021825273317
0.7819837003160917,0.04517993978979917,0.938684554356129,0.6841300862919415,0.5149604634904584
0.26271514526329487,0.7984299228053494,0.18747642948848486,0.7236894420585354,0.14045870471571442
0.010426216824715562,0.7433074889834912,0.07792220051702026,0.15532371270941758,0.03871330819634822
0.021053591204663658,0.8780161392965881,0.4822660063425157,0.09622753414113638,0.1283697346356305
0.38097914591045057,0.20032641898339498,0.6890829756778543,0.4519043206964166,0.0020267982534639684
0.8354330424007768,0.3972026627998376,0.9363341988542003,0.1624365002317839,0.12672986413402298
0.5371192010566097,0.08530719867801562,0.9695334452042939,0.2519127071359961,0.05123970128073363
0.11592861560017365,0.8397132977265973,0.7376141542981741,0.775465521732677,0.02260063910872323
0.026810865378699256,0.19635748065580239,0.781613920218925,0.7966014647094848,0.3391032462681821
0.7417286657085183,0.9363891806467534,0.11574382462677402,0.005410496548628685,0.5324486212045662
0.3655914780987254,0.7768782743459461,0.1979099330039753,0.47280327849848136,0.4795082898960724
0.7246414171565285,0.40342110301079304,0.1352759209917621,0.15923654534633136,0.03588153497675184
0.680663222637832,0.4371215716743556,0.7406241076135625,0.35331364853786684,0.08603944034421163
0.3460489311031726,0.20987147378243354,0.5014865628350259,0.6413346258500299,0.495429893846976
0.6636720017238762,0.5845654311791538,0.48550387857942645,0.6318128470241656,0.819341964162566
0.3385629855485165,0.13292741994837887,0.7990970810005136,0.10749513781987796,0.13537626702631456
0.9655821279831204,0.8774454429627817,0.04818598021281839,0.2696581058792875,0.28509138233147935
0.41424603948840955,0.8360342656196826,0.7655893620134365,0.9661184273306086,0.5263105053154189
0.41354636156993174,0.5594576197244515,0.9116956039985707,0.24946828553058376,0.6679482330464118
0.45105882615001913,0.9415469589682699,0.050534824147119184,0.07146777411547633,0.482659646796752
0.28771580771694905,0.5978028930528673,0.22307143721924738,0.616345087262183,0.6464136003641576
0.8866703001289299,0.040110967315089674,0.40933873897281814,0.45887321572638196,0.7784807458314796
0.9658226867026682,0.3656467631675092,0.599064929626507,0.9648592955050357,0.8009108878452051
0.5419103418495024,0.3671841562215209,0.47453911319044817,0.9899327792307502,0.5675123866537153
0.8232400977816128,0.38268434130112805,0.42103892188218706,0.1041893646801777,0.15509016008878473
0.4148702732436911,0.8194258313707073,0.7875094120692803,0.4878088197361271,0.6190392430470023
0.3066127357069742,0.5451136950608813,0.09070842269597557,0.17609928607433933,0.13804432222885932
0.4650775398010061,0.23637092006217242,0.8807478946106112,0.40599124885619964,0.38956040716456175
0.6469398566235857,0.9059197312031212,0.4445854095078351,0.019920812189743176,0.49650876016831713
0.32559253034345204,0.5680689630267981,0.7110875428755332,0.18649372019207833,0.7427013383954681
0.129118029100995,0.9098111569296022,0.9900272583739137,0.30079029252543443,0.4575234275262309
0.33223550441052796,0.41531700220770285,0.5706839312288862,0.6269009533243575,0.07420604816789844
0.34276105446872984,0.35868000220876883,0.10715614155487085,0.7475087532168295,0.7621779894833965
0.4653364680192661,0.8886626537664954,0.8348915602441487,0.05703254070365016,0.5979051410084456
0.039144635185408116,0.915734079896882,0.5958733448135182,0.8834365317065126,0.5075063929493662
0.14610248175028062,0.030220322900770147,0.12547101144747574,0.5916004393052505,0.2494318969284398
0.356248807456537,0.5767424498783065,0.9264978522907366,0.5735727487580651,0.34088134808938575
0.11824912821899825,0.6505247465675499,0.6188890054661746,0.020909357603447587,0.7479829012134037
0.5011261496454508,0.2208456553706244,0.36329400462389616,0.10973541176129453,0.8900766463592721
0.3609887487683191,0.902308649982488,0.41405534821502077,0.1843038510387418,0.1811534418057007
0.7196276007211064,0.7307559532812737,0.052879803254845426,0.7356319007739571,0.15749505382417206
0.4510203404535338,0.5343840530681434,0.32976607926978485,0.23963511044660324,0.7021599298411172
0.12626249080651575,0.3278075146090652,0.729913754888642,0.18196615450008102,0.5934762742207174
0.0899639485167717,0.2731934096299161,0.7358072923543084,0.6008360434909406,0.3159123136493902
0.8391661037510629,0.3819441349649394,0.6091045607086614,0.15405033079342356,0.28864482969274863
0.30442368538997433,0.6898861227565158,0.5913997391926851,0.7657069824935638,0.45833323029006856
0.11769565024933093,0.7690304463275625,0.6943540540069746,0.9355433401592758,0.3112855704962809
0.5973537963043074,0.492992922356397,0.428740750610631,0.796374895489235,0.2771348763722189
0.04240844005917055,0.8383514355448406,0.2797710923296375,0.8846055533422797,0.6238724546698184
0.6700089302488267,0.028416437453009036,0.03420331355262585,0.043325671110646446,0.9438688684405753
0.6026874837363155,0.7321517285063129,0.8186226285839497,0.5591030692685174,0.2325931103411092
0.04269209434298682,0.11719952990797589,0.2828436216997162,0.9657713603802649,0.12131381299415256
0.4996556545258235,0.07474252992501884,0.01016532006292692,0.7292768985697549,0.8880985247417843
0.40159864982458116,0.3426195664848297,0.37477326292608404,0.8999807493368823,0.26854818055459784
0.9052000824947791,0.7982195059264395,0.8544864096428514,0.5387440312418921,0.250366341889403
0.16372923819030405,0.12816405677363985,0.2347539468995402,0.8344821476781501,0.4566157462391427
0.13474302353880785,0.9492514481778992,0.18168653953319536,0.2227494368513827,0.9983937130079306
0.45620968364092573,0.5997698280583649,0.9378003211486007,0.38808154480025725,0.08345817103826825
0.07820878914929796,0.41801498366492607,0.1946398132000553,0.1367470826072772,0.15259766417955045
0.06894591516448145,0.12172540191932646,0.4226897198968399,0.6340910582817085,0.8331044988956641
0.5570602455253632,0.2737684763525051,0.8641982808104784,0.26095151734778,0.8336852969912346
0.8004381174310703,0.33193217070243364,0.7589140889676641,0.004918669991479163,0.6567495347380399
0.9206656071747447,0.19422733463535602,0.1703808244508206,0.9600221060191099,0.08112535862040549
0.9866081584964825,0.5082909078811266,0.4887410624293703,0.18907603808730722,0.4182192641319995
0.9292002242918761,0.28544093939874127,0.7107756747605992,0.1914601688939288,0.14755348913361388
0.3367040972091889,0.9527295132042021,0.20591921741948094,0.4121896852843563,0.6302960058944583
0.14834361858465828,0.27547356377622434,0.08688163969262575,0.8644031631253307,0.14223641674868426
0.7078629785419105,0.642216753637407,0.07391121083599339,0.6545965118121722,0.43886424599087215
0.20829558961309402,0.8413665207772378,0.5203656118553918,0.7651163190728371,0.8809949709493634
0.8516969277829847,0.8476147222584617,0.8895936143204775,0.42780130288097995,0.638800537726421
0.24872960408023514,0.08325332692576304,0.05357119826155354,0.21078841751537192,0.2981929617885707
0.6330242482367746,0.4503919841560091,0.3937294248750368,0.5001017491971333,0.21757764373677768
0.2741262137618935,0.045232287070807065,0.2621985025771577,0.8064098333295451,0.5258011104654553
0.06320816157063902,0.5454345279945256,0.8000217748509776,0.8760269450683712,0.8766878966918399
0.9405207164399324,0.7293167207975289,0.21457860753706914,0.5892995377117753,0.14968908185490848
0.3725868759504659,0.9133020105630507,0.1761567535013956,0.11630843088396703,0.5565878982014808
0.19380121173826537,0.6693615161997553,0.4795086646706832,0.08569056810572817,0.9873331108535508
0.22866223848086709,0.9799637450886044,0.737089445927143,0.06052826435191816,0.5276738685501479
0.2744388848538164,0.1540124362501616,0.9056886987994635,0.41099204783062737,0.8478283819239822
0.19254149972240353,0.8608459275194179,0.13190475227410448,0.10808343706502965,0.9046462360014774
0.9010908994359289,0.5214022335285914,0.12746422775217015,0.5762387601067822,0.5872620436292165
0.9259026041477442,0.29147005471816256,0.38403657657863777,0.7371967659285696,0.5665762057997813
0.7128634888107461,0.43682788102850845,0.7524510944201166,0.7393167640601207,0.9085718653121392
0.2626405768586654,0.8958112257644754,0.8181366876481021,0.9626074714404329,0.9079278091720648
0.6804697045401162,0.977058929018144,0.027749767352859167,0.7914562156132395,0.6104623628386835
0.34036998500092,0.23642962626610486,0.4540730366857756,0.2168958979301211,0.6713005993792784
0.43438559402573984,0.12630685836798383,0.6468339563284845,0.5391429608580065,0.29999805826562764
0.6285648618283528,0.17052513943325898,0.22892047088841794,0.2682827397977995,0.19556059318480423
0.0633178644266742,0.43977548073812067,0.45539703630841455,0.1949067206838998,0.5765671921263976
0.8739667250870226,0.653757104444427,0.3029393625603083,0.19637765037660693,0.936909195901678
0.7549337496563231,0.25826985342580067,0.8056457757271969,0.7397888893604724,0.8187228366483567
0.18103407232850632,0.6810606893586085,0.03814276745821765,0.7194117570555897,0.9142704784768084
0.3381620510192811,0.8771704524313031,0.4255390829689797,0.2743656816917682,0.9941054372121992
0.46756210259299713,0.4994960467895587,0.8940311956568131,0.5183702526943041,0.7209130462853902
0.4801029506925135,0.06201016231185685,0.3831913783391705,0.009254075867936473,0.2759093250649468
0.29846592124631166,0.21927014991133797,0.7871521597942069,0.9138600064656708,0.09908495546454166
0.9011340393378034,0.21436091379571975,0.541359362448771,0.9790627507881988,0.34074978511564513
0.9525943698896159,0.7492607925716491,0.0294054895102549,0.5995446802357411,0.21439156685709782
0.8929311825198301,0.30973742301050333,0.3942588593620303,0.9136252856777812,0.7998723376754014
0.41838392982338446,0.8826318953168688,0.25836529404670083,0.7885332066659646,0.9218779824104251
0.5899123530010223,0.4727958138974232,0.5782815840744553,0.4579300594302639,0.241547725234594
0.06234823604906614,0.7949127580770577,0.9254489026422207,0.6561174290413053,0.0509851779158762
0.9368443853195556,0.7522045763813509,0.5113816854669396,0.10673492063901902,0.942586961240677
0.031021762315222468,0.4083316313840637,0.47040306422028355,0.9529147401840782,0.36484353688992444
0.10260071463626386,0.7084619092686126,0.493754774834424,0.489693649185841,0.7448326196675102
0.1257183822475889,0.24852825146675372,0.3394029724543892,0.35645574472667363,0.9810171156640158
0.982621071974656,0.036545970134181704,0.9143900846838938,0.804825321321403,0.7735919905444064
0.13800639747819365,0.5667253758643359,0.4965156643531381,0.997032651533618,0.8928700440820875
0.42370151608778805,0.05233112933626949,0.01789107188584871,0.9828040996125145,0.6636550857395812
0.37770702157749436,0.9398167123690518,0.7823052219806018,0.11479110494812883,0.3928115085816869
0.40141297773489026,0.3898678190107364,0.2520771377082377,0.64792641967012,0.06994797840697531
0.46924792914379576,0.18736124167089585,0.4259578586618612,0.9815435653348163,0.45547820147223217
0.554857413604207,0.8473935576596419,0.1916009249583822,0.37419995976095344,0.5920351254999445
0.983301169128294,0.22483793376184058,0.1344224604975217,0.9297198342698116,0.3983384008460006
0.9928499582656328,0.34207389757116935,0.10149544019100742,0.7269204765497498,0.8527267853084927
0.656815906066175,0.7936607417178392,0.8680101650725315,0.7843625748243258,0.5067940447199291
0.5373339766669335,0.06532828769053678,0.9911501054566457,0.9445249258913507,0.12480356400447368
0.340867081499052,0.12368884394884239,0.6814462454357618,0.1724131288912052,0.5881964496439275
0.2817561425342193,0.2005509763298271,0.32815709398088244,0.7784785091147695,0.23754608416956946
0.5455219124340247,0.4762559574115085,0.24899474081013206,0.1058950283059863,0.19590706512626888
0.5877080277120985,0.6037865940992645,0.17711993730238906,0.9831594826638568,0.5505513939678238
0.6437428762023562,0.7209164362808792,0.6005667611573318,0.6352749071206549,0.6712941007861241
0.43192235785764466,0.9281422256847405,0.8743318474349133,0.9943075048373082,0.8305317896834321
0.9059468274931641,0.9456050021023893,0.011503650448817515,0.7962417983366558,0.45902762785940354
0.7808294397906063,0.928590841251129,0.16149309845349458,0.9724043749532244,0.6891674897837954
0.22061370874354735,0.8164545008484709,0.3504183959922703,0.7640542413546871,0.5418774243838141
0.9133255587802943,0.6242774040700396,0.5718642637757514,0.8961028342353488,0.2809132434153815
0.6539081302011926,0.5469163395958455,0.16951511136192188,0.957586944044654,0.7093773260955625
0.361580555080955,0.7473899983874494,0.4492305749738853,0.15711804559515763,0.6874133981958279
0.7577752905089475,0.9198824033711689,0.3064398755132244,0.09684155166774155,0.6979249297520334
0.49563221225807397,0.23089049910712878,0.7902274429315159,0.8034199155696706,0.14479519521846795
0.540062986746787,0.9498493544553923,0.9897011433883333,0.4506406533420865,0.23995691675994457
0.797145957355068,0.5386650487699707,0.5404194579087603,0.8344407635391298,0.4388357928415936
0.47303785239897067,0.48456580680013595,0.37115887890045907,0.599559749897356,0.8873374589540074
0.028360742275150508,0.8554997318299781,0.6511069835469556,0.2791919705437653,0.1807886158693961
0.12828564113407115,0.30289229806550655,0.31914490720797917,0.9803213109796785,0.9933912071174965
0.6544419169995346,0.18727509261584596,0.7221050512883987,0.053912015309514394,0.5088091840283318
0.174115243664545,0.9981009076569747,0.5066225373285257,0.6600433594556475,0.5725569254041941
0.8182361747614697,0.18081213814826524,0.9390723543915533,0.891461154570585,0.718630758416722
0.47493717594177454,0.07821579844050885,0.3507131235100178,0.4071760673278605,0.678666188388389
0.5986474892107294,0.8494821352968395,0.4400915503394319,0.6387328017591575,0.5079397267957174
0.17604703024654533,0.11113648058228387,0.26406433660957207,0.9303307284578713,0.6977965020811537
0.6568780574662858,0.5550297805570371,0.3002937678492441,0.2844687625351183,0.7707304629053674
0.6059868399952086,0.5701472271315752,0.4159726029898979,0.705321567393681,0.5784813295360367
0.31422170464710353,0.7388131727276191,0.6611365795990912,0.7143028274734938,0.93585448123068
0.36674105302701343,0.8753526278705618,0.09069896113996567,0.21838127088257775,0.6558223409837808
0.07590451227179895,0.1283480997422234,0.24199263552114325,0.7717999050030298,0.08425916187433924
0.2813414663858923,0.7314367430866278,0.5166870214739318,0.14290591331417124,0.58798993185962
0.9922427684785684,0.8280321549868336,0.6748371193527786,0.8773445235853926,0.7174699636174691
0.06053307984022882,0.922924534119362,0.5293391024378351,0.30600460557420917,0.7600205732743929
0.00010372497654265178,0.6834610855809038,0.8588315137245063,0.8548299360251838,0.7749687052172934
0.4708799012089181,0.4430115189801962,0.2046819920598939,0.032727763455544845,0.4117684183166064
0.4396608711259037,0.04702991565989345,0.06138499268552411,0.05026841962507589,0.17340848600508774
0.21872700162432168,0.24610413447554125,0.8928337876199309,0.3526207603223135,0.003844710006518759
0.671564435841253,0.8515288794354496,0.9301634427798813,0.3650336388495595,0.31403888205147124
0.33809626024006145,0.4435956204760835,0.8925395711838964,0.2919186852203388,0.7886740302740525
0.7974673241339794,0.8091396019308897,0.026168226618477508,0.5404641915137232,0.56960996022001
0.9446077302488105,0.0006349020918592352,0.9878109629769415,0.14957743557438308,0.6236633748242424
0.42349697284351606,0.10197194710514834,0.4906701871985747,0.43477200808867067,0.3279150074157682
0.7461932850729693,0.5970999222972858,0.6612513249992625,0.503938731349879,0.9387023661539282
0.8731011386408709,0.6729060770135454,0.7361928563364767,0.2364832004185179,0.42179235071957377
0.626111720425865,0.5218347419337357,0.714697352602873,0.8668098545959242,0.8417114834919349
0.24406635159139944,0.804039162255413,0.6793113891512993,0.006679234657352984,0.623555562470521
0.5973633910555753,0.9800822935358088,0.029326454542988323,0.6981557911849402,0.04550879075475511
0.21470046463457637,0.3671210785425997,0.3055558385111742,0.5985028363691991,0.2088274531139548
0.07869081458533911,0.8274085371567784,0.05981495486047039,0.11295519859784764,0.2658180494541993
0.8200596330254558,0.9107896960504022,0.005155378154063639,0.371085056399714,0.5492468738267714
0.2237307248447541,0.7442358606953062,0.049151074449995,0.45139617328280757,0.46347939279074357
0.09615167866662588,0.5358314505766911,0.5918124147417513,0.8870970875545383,0.677041549508811
0.7051485505763859,0.47875866023308,0.7918634582441946,0.25750232928696626,0.17698688205346458
0.19803936477385498,0.7458926041629645,0.7402613440404164,0.2455840756865013,0.4793249865602419
0.32960493991601136,0.6311838049896533,0.1298348128010942,0.636267114107121,0.31835149864849255
0.3875388666698749,0.47786531118954323,0.6624653206354948,0.23198881203691413,0.5008833548344055
0.44195581425938846,0.9984228877457443,0.8834631601451319,0.9180157501456769,0.9321009841647847
0.5143876716138615,0.6500179296904457,0.8181002526332726,0.7263223954762431,0.5141513145013332
0.07070571236215817,0.8524347476152792,0.3931051917445795,0.7755011316231174,0.9692801012099418
0.27320120474189447,0.0006283243689868545,0.3349569137198788,0.25562250171303136,0.9620106424390591
0.8358623772527835,0.1528616228234494,0.744706257987082,0.6436756224971723,0.3554525625969016
0.11572343730217294,0.03358516269665246,0.32031547424717544,0.9959101956461723,0.4728975860771354
0.5678987399876249,0.3054648405211293,0.6815838249145266,0.3775312061403382,0.5887744216304627
0.2864211401387913,0.6455033793214909,0.43193399363149865,0.6437544556025856,0.6576285675344349
0.27957809146453105,0.25024138915065564,0.54072109584108,0.10175480723603103,0.6108182264578003
0.5573985474579943,0.022913433151919627,0.47684477679568615,0.5732393203687379,0.5551393569824052
0.04320630562340211,0.44927749715750775,0.7100954726302321,0.45208723706063403,0.756402182207279
0.1470319515023596,0.5074922169565304,0.03999965381724302,0.5928339357685097,0.9372298033233643
0.6518726088637212,0.8572450256035063,0.18222585204803354,0.8848011073154789,0.7798098396005134
0.06044133899737003,0.17232363243604043,0.14340987280396,0.8152028496346638,0.7106155911834829
0.6096373787072322,0.47483790739078235,0.17880060045043078,0.8392011460815896,0.4008422120438231
0.12872926411399832,0.4737496986612624,0.3636868651611518,0.5840902017241192,0.6921215125001386
0.9898410221134611,0.9973744445938938,0.7769414083548131,0.8483023847553908,0.534065206604437
0.17821017613091394,0.6947355859213097,0.14069342416402753,4.767923681225916e-05,0.5194723034685419
0.010432514719686758,0.43749530522941926,0.6384301817065978,0.45955664951486874,0.9898543121869128
0.8540966449678926,0.5546383922897042,0.499453815834765,0.8640064038096941,0.9474251528591077
0.4758264003059046,0.9030260844485671,0.46013292684542595,0.44905775136275716,0.8196902846805934
0.4740616955673449,0.14138645295875618,0.6574473130395698,0.10384915426888375,0.2859369345994588
0.5270512950789463,0.8030621666169749,0.19006024840343216,0.9220462152286045,0.7054678948195058
0.6616959871525829,0.6548457815290278,0.08114720085307736,0.9329922955397212,0.8151725300435825
0.7296321678539048,0.976592355005048,0.25992794204553216,0.8918842174182504,0.2027298029414536
0.6998225007537665,0.8409244788001848,0.908678995518176,0.7515977253619206,0.22702126759116803
0.23419799824051513,0.7695210054696603,0.8311724986089121,0.5797843700715211,0.4879956511688698
0.678762125179894,0.6014860823500376,0.23858054035629273,0.5707230310416512,0.11760771118123192
0.37632365126954814,0.10174607209865116,0.27544836809058515,0.08419168594054627,0.3306466615030874
0.7704911885441563,0.5937468696191021,0.8703483329132341,0.040907047492635185,0.6557828784767245
0.20550014606967482,0.15703074550011153,0.7738058054458924,0.13257309816384566,0.8243090358315429
0.7794518242674446,0.904614676388921,0.5929941782411634,0.16763346795228473,0.8727138681707125
0.30621726633400914,0.6994325877879121,0.5105966738375912,0.06750121188176517,0.39118786029966657
0.5414894258654787,0.5092448298361267,0.6804516533674975,0.7884053497432055,0.11501142258780328
0.3791929845450688,0.24547129082813124,0.04794294807308708,0.6698497174295132,0.6030231771716837
0.6369647074348307,0.8597985483291315,0.08807555858612914,0.6067761242374249,0.15776144767097233
0.37939245044890557,0.16526591793663037,0.5062437944241535,0.39019387128008365,0.15415264293819886
0.9722018998446683,0.23420187258592606,0.9727617008465423,0.5646926035804202,0.44959118874608206
0.1760564397644825,0.9620105338974682,0.1261703158499794,0.423284285395676,0.7978415637437661
0.9816191691910879,0.2824796266806955,0.5039674235345359,0.3613644978025409,0.14004020632378322
0.012966545800881857,0.10987491882752054,0.9284881104732704,0.11536973099719516,0.1389811898213814
0.7694667276745952,0.5785558456057039,0.06378040489309855,0.08083695781377775,0.04135648617664556
0.4255462794395707,0.28597528080693735,0.2772081427395138,0.5018313873559067,0.18446506343286595
0.8587265645251307,0.16510150695478787,0.73649097049139,0.30188138881271187,0.6978522101474993
0.350734880042856,0.30483319528416186,0.1347892680861097,0.9103895858594039,0.4603428685831904
0.9065576971935834,0.565384236922418,0.9018226354517854,0.7621937265579736,0.6658142186958126
0.63045775164305,0.5640970723899476,0.16736183941650107,0.8839279118547801,0.4646210919748762
0.2854431213610804,0.10727194927040995,0.9274347250158143,0.9688470295487698,0.029679449148653614
0.22009508590066118,0.02019054389020336,0.11436125531668873,0.07107452413510751,0.456104821943615
0.16122287755003373,0.38773846424669356,0.14416712528370768,0.28588386303074353,0.20748631200878498
0.18179082365980315,0.16466341517522742,0.6946181569336958,0.373096524133003,0.41176417597912274
0.13740967018747985,0.9622671593226829,0.7732747844365951,0.14359161663383035,0.005218146607959606
0.4954177774675602,0.6815955873424202,0.5897498982896899,0.47582264136907937,0.5821230528058429
0.45114864482811023,0.35423888376199153,0.5019422379527837,0.8334293777171804,0.12372659591494639
0.8235336696406581,0.10497854190387412,0.08086861869489559,0.580952902044918,0.2862652131991107
0.403453295541057,0.10324368073760737,0.3430379219659707,0.4570747642104771,0.5922069761104696
0.9958644357073728,0.18424249642916468,0.8773385600425779,0.5385951068391251,0.8967917974297024
0.0640259443079334,0.9051347983452662,0.35502813337278627,0.9806934294573745,0.11817997304082872
0.31170514039921515,0.8263108367350617,0.7730861999500903,0.8212091042386152,0.6743283040294543
0.21641358893958118,0.39635066486326365,0.2427714229660466,0.5600530568340932,0.5784224913383128
0.9957890309548634,0.20324064586041657,0.35236172057393667,0.8262652552901459,0.2572272592278413
0.5719633814240531,0.9163677144333612,0.3446277055637993,0.8462365622364494,0.738330331258598
0.4540732359570009,0.05780355751656918,0.4189326992346274,0.7351729398240617,0.8623885630506394
0.9372105125422098,0.1314057480946048,0.9882904868109901,0.8999218500237738,0.7935219465100238
0.32808204422575804,0.47085349633334783,0.07702342188207412,0.7796088264781906,0.365894380219864
0.30107889105793617,0.187059353536973,0.31706434354735413,0.7485715515062782,0.928477780501727
0.033914517897436824,0.049111979826114815,0.019264968533305726,0.9556894603535316,0.4402593869212008
0.7240228922008641,0.037053969231192196,0.003977762612963565,0.8331732443794414,0.8146121476824452
0.9768599055484145,0.8867268379894367,0.052323503903112356,0.06946345553714517,0.48381898117045985
0.8933221701699965,0.6656138798875968,0.281171105736315,0.9426647647008367,0.5136611610633333
0.22913581963570528,0.5497227406576445,0.5135496020391843,0.25410336948999634,0.31973195014831335
0.6608721297404391,0.9794542353730481,0.6216569223171959,0.0032153844467023296,0.49004651317936887
0.8530549834276059,0.8366191955871085,0.8261662253108021,0.587268134888003,0.9943215638093947
0.9111338198137521,0.316667513123977,0.6594274123389312,0.9915686289599648,0.9879613882167582
0.3745014452005312,0.19331947285977613,0.33771028621359234,0.587902791840499,0.5265295206284365
0.014169111890434904,0.622968213763883,0.5036157062317976,0.14015081493080483,0.3078630826201998
0.23824636158497836,0.33053352687409276,0.6206465249015269,0.36959726294477135,0.48434179203724614
0.8777731165021974,0.6218070043609807,0.6231938245129999,0.2524356768818715,0.6424680779689077
0.8804604268193631,0.10960476751080173,0.5817853277896519,0.429653400729211,0.829695542458725
0.7734369050087727,0.616330475089089,0.5934838874844852,0.3291554322456942,0.421322320691614
0.8083024456500528,0.6563225644853543,0.9836586485105213,0.3951391127852405,0.4092827206601356
0.951864173627698,0.12256464083911989,0.36811851920831895,0.15916701418715518,0.037023656609033506
0.08402068121388007,0.7955826648483607,0.7390391963183323,0.398572170087341,0.062488730636896084
0.6990110665058148,0.8109645776126237,0.372560614316242,0.129090682114399,0.05451744476744447
0.24492125919877528,0.11271358622200056,0.16987426360870717,0.08527178859985296,0.45453339662091974
0.5062301844621904,0.8339330185555996,0.5146949104754796,0.09920807602958104,0.9163958480074055
0.24452528831787945,0.011089453189216947,0.9872830217005175,0.5016553380401069,0.7265707444390753
0.5101016403598032,0.653575661514776,0.7457809898014472,0.9064860174912179,0.49050266445989765
0.5064195058509875,0.39965143263914293,0.46905349864430546,0.22254866342846757,0.4611230009377276
0.027771181065916695,0.3436737050907136,0.28470403353500984,0.30864978497962625,0.5867920968243606
0.11747627692075402,0.18544669728189644,0.4495213613272203,0.7521748681972532,0.8250604178225495
0.43653192283513076,0.6883957695881747,0.2601637324980388,0.16725397919961782,0.304173587001744
0.951567428491378,0.08890707074838178,0.8213444337534128,0.7812588322271113,0.5115327787252963
0.3501790858964485,0.6377627148330275,0.934656385419593,0.37409565631631114,0.8363329392172535
0.2738411668250189,0.3322559933092668,0.6232483573227398,0.11131642345983761,0.3320605706660733
0.6882252023947544,0.5915504706766673,0.6100310362698129,0.5829337700672252,0.23334327635898944
0.8415023671017579,0.0059221593122645855,0.7321647697763437,0.26848070629834453,0.4945480684092908
0.9944156192319682,0.7667274280010011,0.5358461956238163,0.20380974877456104,0.7641884881043038
0.20922509400087586,0.5688661006880156,0.45936780641822483,0.6902998805522115,0.8771518934114759
0.854526626645487,0.37613013298679143,0.7925328776984913,0.5953648712685815,0.5991218673125099
0.7174433681352024,0.2535098819271152,0.2049695889948303,0.49079363965583067,0.23143231092446526
0.9668363161538058,0.8608655674196746,0.9370014214324804,0.8742268013371398,0.19541745407517686
0.5439495232050896,0.9975806725428057,0.7274345659811393,0.10731478748760281,0.8370313348573183
0.45091638008175894,0.4245600739945016,0.9368092693713886,0.5062390713960752,0.024472895058298638
0.6027817822727186,0.5209091180176186,0.2199653793169467,0.9345246464794745,0.6145823642187733
0.17982441051622122,0.9317843584710457,0.9617493699285982,0.026773608859975817,0.4944128843197402
0.3742330247508243,0.9704509926275258,0.3694444515906158,0.8350574175234461,0.34219027174227346
0.5807986993444563,0.5939818670339504,0.3513154526098833,0.6070961778381809,0.7880536619623997
0.11898067268558288,0.7847140239757668,0.7915337981322047,0.41797076214882745,0.8348836270058748
0.1628218365270122,0.44247576861118876,0.28682912230469315,0.7502202762265858,0.3580427484379173
0.4615588678914665,0.545364174533951,0.9001141972926047,0.9311414039816558,0.1096841949747015
0.049270145397452336,0.5051228830105303,0.7180101468862641,0.5099190135043669,0.45699170681728585
0.07216246418635186,0.7583261225487881,0.33488185724650654,0.3910367371822777,0.468396990026836
0.4757748438815125,0.9340306042450603,0.8022216443080853,0.9001472244551388,0.05441118239802911
0.4181534293291772,0.6915980904588065,0.8193339424202166,0.07397767851796333,0.7633874614340186
0.9618808386016002,0.8612537153624705,0.6994903156110515,0.3235535679489655,0.16020519756305718
0.24002516168311716,0.3584281378353773,0.7445221001035348,0.27933797275614514,0.4981963527827251
0.16814402310435983,0.875701147469658,0.7587623383424955,0.9700988229939106,0.5501596001293942
0.6448376360699419,0.2926051601661134,0.3447327719610186,0.7455672356017031,0.07654659032883626
0.9911800280708402,0.6513743680292899,0.5267695831590462,0.7058983993745314,0.07462966604384602
0.9242222533721639,0.4533802767494399,0.22514317805589146,0.5009421168004143,0.7646181367106932
0.9985072123093315,0.6766436168103435,0.9976823668698702,0.7778440225627228,0.9284800936435232
0.8945157180752145,0.5907644983113592,0.7144771188925856,0.3250993119628731,0.05951756183526846
0.5875476660560951,0.16683507212824134,0.8830238595486289,0.07814313515539295,0.9190891789742581
0.4108355340952078,0.2075065630459565,0.5736322850999108,0.8945739613755159,0.8275205140432229
0.31472979550888736,0.08346618966363317,0.6121668036578601,0.1908658225184685,0.3667696606685732
0.9208329456736438,0.10918477342180799,0.9431050609225562,0.18409803170586758,0.10283743589404704
0.3387111652775837,0.42563603318478105,0.7591847702957291,0.48650785072090186,0.9951038952019393
0.2725778360622556,0.9629011593995878,0.5161511773526293,0.17261829424276776,0.7488311341159208
0.004330077486390693,0.41704023567620896,0.9561647574356492,0.193588751069661,0.7219858446932674
0.3163645369059588,0.5264366964395876,0.8456725896980778,0.8284265526443019,0.48463586053136065
0.6939277913757371,0.3586156329825505,0.635432224719402,0.8983278479012846,0.044121697985595065
0.4531075832834458,0.34839156936565563,0.30651391571392905,0.650252295574484,0.9869187072382554
0.3264846433675924,0.9059760788365051,0.6171777745134048,0.2411303024798731,0.5030385905931409
0.5663123393413729,0.9931281579501183,0.2359837688594142,0.1902543244597672,0.6874887263982561
0.565477875681507,0.436005695783389,0.8445887751352333,0.1055313777822654,0.9917633225014796
0.2676646561985856,0.08288784135544058,0.7386153062734949,0.6412009735893788,0.6307215565251144
0.2833504650562032,0.09592612252601584,0.24855373091857302,0.9512019779981402,0.47277480418580164
0.802657726056042,0.7291536470637693,0.8460162242461946,0.5856584126812919,0.5796509885841611
0.9129132611949374,0.2258070433960252,0.01870151030130285,0.4437468483884516,0.9673470350591574
0.9871540127863224,0.30504715950204786,0.2993781566383048,0.6395468883436735,0.38101844360097403
0.2819132582593449,0.6595004912524132,0.8002041573774394,0.12417007225311039,0.6029433904607688
0.7545677563255146,0.15203070115184558,0.620899873195868,0.26780620289127555,0.05855801684492845
0.8138282347523845,0.7467098393969798,0.5799590132426359,0.21900712440519476,0.9651554721977731
0.8558561560994695,0.21651123393475102,0.39184104622934623,0.7182589484306879,0.025457688168996517
0.45668382822806586,0.12800160298015173,0.41678597437405684,0.371259204222687,0.061467083306349646
0.7797932015653235,0.5551527080199274,0.12558938173840628,0.7214060050626446,0.5690851830415731
0.7962378512555618,0.29410803454974055,0.35196395005524017,0.8549388154567534,0.3977609061788916
0.7996005189239924,0.8088280325260865,0.1693165212058131,0.7859654171608542,0.6241164963203057
0.32314232934377374,0.04222830662949095,0.253987125009695,0.5074612664219945,0.5633840448672015
0.9968009812190614,0.10837272463676506,0.36034293552829155,0.07142779514957198,0.8392822107383578
0.22367875082441546,0.0693930856170134,0.9469504124489236,0.3400772979281028,0.8049809150063031
0.6784387902981707,0.95830212317058,0.24798953504848487,0.05757518124578531,0.6861788158549839
0.6215826326075892,0.8613221627001483,0.4605870138717273,0.1802411162296791,0.8235782757206294
0.26790514837564294,0.4932358050913259,0.055538065960803684,0.9194961937371553,0.46790223351357874
0.7691710970320795,0.18483643672474548,0.42672390619606015,0.9414467939276572,0.7348759577109404
0.24638654748443722,0.9166143999985762,0.10478161353593729,0.30254092943769284,0.6838049498736367
0.5598957583683345,0.910297235254041,0.49642569256319635,0.4173741927794631,0.9416515637684112
0.3118850788269022,0.7647099139877336,0.5401806878794239,0.9249509769829195,0.40630498922846026
0.5126709451765589,0.9358375011203539,0.0009451435313205803,0.9243245075577559,0.6361033637787605
0.2001456007998721,0.452721338640767,0.5929378004532265,0.8633518836800416,0.8011727142846108
0.31201537682877256,0.8898273997414347,0.07603036404931263,0.2008116844437584,0.40319108662831704
0.38424704614802063,0.9855881332550529,0.3611778353962314,0.942870605059448,0.027882451652622153
0.5160954593121483,0.5648893889969043,0.6258558113468928,0.9906360928789485,0.6957473043581035
0.8760254923394408,0.2576959554187741,0.8950173848446058,0.15105799343041326,0.5461230936126056
0.5438812327626311,0.9220452097189197,0.31686390545860266,0.9181003710223901,0.16573154655180478
0.5267198216392657,0.6306910299507317,0.04178240380886178,0.29109239987811686,0.6928165812030463
0.47004918694939,0.4998537986367806,0.5605269374344921,0.2993318484849439,0.7538868775762114
0.6604605245986165,0.9552983239676105,0.7979476120434231,0.7255425391248869,0.36694787874389756
0.4753276083771506,0.11269894273213898,0.9697219700438037,0.03639110404306567,0.5611387250401398
0.8722301271297492,0.2542893307022215,0.4944423825032742,0.39961825016077057,0.7327129518406317
0.30885031149371533,0.8455347289221822,0.9417102917739552,0.6954011663834012,0.7367415126320764
0.2430741979986556,0.22028899845805294,0.818758154749566,0.7487384755441052,0.9864560839334339
0.9761674240114012,0.1586061411601064,0.35715038869963545,0.44510948414006035,0.2926020148003038
0.7783095647607347,0.07766279721096325,0.6107026533964637,0.3818866548545614,0.5839535987108776
0.29207383960778666,0.6654793534336805,0.919368229799031,0.1413913356047829,0.41409824383210325
0.1877544105732848,0.6046518717282239,0.5874360121249048,0.024984261691139542,0.018544710489442173
0.9061077121867899,0.5859833234748432,0.024243725961672236,0.736065336341734,0.6452536516082197
0.26006322258433967,0.32894398456375973,0.9326781933133517,0.8937090495791405,0.35191805318827696
0.9575878031501991,0.027416611415445713,0.9328065022482908,0.5504458531965136,0.13906297641362508
0.7015901682024186,0.08916647977508618,0.43093327165653317,0.9180338033887055,0.7437224911454935
0.6338384192420382,0.8996725266603821,0.0947602577439508,0.037605148774523034,0.6438294930849463
0.6313507329816127,0.798744432062336,0.7147408673796911,0.38275388593164295,0.7630922455796707
0.8971367930590368,0.1326543818907604,0.5629845970088807,0.06604522292769588,0.7857783734468794
0.9583345132806617,0.5196249929201664,0.7924681045832798,0.11808362545836026,0.3436756389809513
0.3979185300215622,0.9678500624342598,0.825731056164804,0.8564406130244657,0.905383830856559
0.5717302690555668,0.9449189898352602,0.40157277527175017,0.5805211533611394,0.7647725535980795
0.8070945211035383,0.15792497603375866,0.32004137872490257,0.03127125187130009,0.39820971147285145
0.5864175373042676,0.7172141456842233,0.6438904051025628,0.04841759929515743,0.27644615044982135
0.8945853338226628,0.7058361251482246,0.47111319858978207,0.3955556084410774,0.755165630212371
0.46044358906346095,0.07213955760040036,0.4008150669990802,0.8002661866305658,0.6470640730882753
0.7965247261191638,0.6435505986630681,0.9199854797470792,0.12547620666508008,0.7880753463633362
0.20700081839008022,0.14024850081232432,0.7874334669835155,0.6397209707262289,0.9898508959270322
0.07542648686639897,0.6725706916646346,0.15631507393034172,0.20715722424000582,0.9250335859670726
0.3074583481065486,0.21196304379087694,0.9583628401065816,0.6524075695443261,0.5181024169237927
0.2569871583384663,0.3763073214868209,0.48599408471647265,0.6052221362169622,0.525367390611319
0.3481167802053945,0.911305444495571,0.44687212846631696,0.2899826549001244,0.4753893964127279
0.3785131637109891,0.13586543472568935,0.9236158791434453,0.16968807394685514,0.09852925262405787
0.01643304879432861,0.44395592483305757,0.5549439422995541,0.4202601108139321,0.14790511834091535
0.7156322098686415,0.18080150019272234,0.2553686246334044,0.342201681588472,0.19210449775305205
0.21656943118617977,0.7300373124928399,0.1175083392215901,0.07457794829293962,0.5635623545857061
0.29614838881489813,0.6178468355011899,0.811576813111987,0.997548027659528,0.6885700745532901
0.6377993999115033,0.7466643420101917,0.0639235939477194,0.8705066799292704,0.14661924688616834
0.5719492538458412,0.467423112353634,0.2594699221736193,0.4231685210911438,0.05428395065103708
0.054203368049510536,0.8027429319262097,0.7788711596561742,0.3932804558618651,0.44212494978655903
0.7206540039480738,0.2289426580703392,0.4488194937776341,0.6410547071764344,0.9143422854593177
0.9064131750129669,0.6410054247530125,0.3772120613359078,0.46191971201057136,0.5237739764884158
0.8702377343698893,0.21901596128306444,0.45877095165262005,0.4822068294808798,0.3666021875176856
0.18569277282773888,0.16614699048019688,0.9209468373822273,0.40480363403113473,0.36643238494140495
0.9171697027774406,0.5891675933198608,0.5849481008809422,0.6390251258334193,0.6035342906740141
0.2071974816531651,0.3532208546184247,0.790259491388592,0.5418815102290401,0.9086946630758685
0.061461045628451005,0.6045242586373528,0.04575114923843726,0.8181528879688413,0.01658614976607753
0.9696396264484441,0.445473478581328,0.22860347793441427,0.8281389527706905,0.3383405127682886
0.8510209913999944,0.7884143412399804,0.07272904089213161,0.8542899831744437,0.9132569493695663
0.8843670941309981,0.258409730240445,0.0014540618126628324,0.1127885956839001,0.32944892745719767
0.5967362359731652,0.7697963930154718,0.7176313692273081,0.29434585434846683,0.6971110823083162
0.6548938516350871,0.2408556194549688,0.793901669139639,0.6681178097047885,0.05632975551330299
0.752550263937925,0.4984023689563831,0.2293993942907172,0.5164713418265442,0.9212136915010931
0.49250847624214167,0.23634668063051156,0.7810078181035219,0.2371198177237589,0.47469718605469635
0.10364812493630837,0.30527328696913025,0.9328536657177522,0.6546203003572463,0.650446265512348
0.5956392094026762,0.5043817142009763,0.5473632148909141,0.41043135231057026,0.16591046167383483
0.329798363712581,0.8072187916985386,0.28256629140734446,0.16343462141091014,0.8474533337651341
0.6924236444190834,0.80259378924174,0.1802978232716982,0.1547054370961085,0.2261211322330513
0.4182699647310759,0.4800410045659964,0.02644911125964322,0.17010435657158862,0.6279369794902289
0.8243654164233054,0.5656510872487341,0.0515304648924606,0.027260011936762862,0.3663605901708813
0.2478686870021839,0.8704436419737562,0.4368909078742541,0.9419571668304777,0.7890001830321408
0.1359011570305697,0.5401383800014773,0.9766016083572492,0.20304224486579758,0.9497072711666477
0.23044573259643275,0.39838877116039106,0.051576966990603434,0.5470559784689637,0.9058628653514631
0.775057602697075,0.35211968018384154,0.05790095222508962,0.7165782906636521,0.39046696520059176
0.9603359691883943,0.05947427640930525,0.027272714906178108,0.9317643269330789,0.8387783177029048
0.18780000585755907,0.9113386261370764,0.007820290339950131,0.3114751599843767,0.5972497648816218
0.28082535471335035,0.08697274750183104,0.9879954448237159,0.001027493068512797,0.627632958619029
0.12377729063161991,0.15867818641890297,0.5492677545506618,0.08781798369971416,0.8224304851338521
0.03970842118670881,0.46046567933588445,0.9060337347581603,0.21536415599781966,0.696011679340066
0.23602612006309576,0.8312922842091207,0.822287845656133,0.28788589742026405,0.9010559660807523
0.222280119092521,0.28364887233331637,0.43892961141830533,0.5174586741150041,0.7748507921026629
0.6420372132307427,0.09137810332118679,0.1828724784516631,0.5347888144930133,0.4680888347353046
0.09304912706924562,0.18528058688760551,0.04880742715958275,0.6921411189372275,0.5731812521889914
0.7889633349754159,0.9267517111496099,0.9620730500167267,0.005995941065341404,0.7623954528436796
0.5400171136209485,0.4147637983919481,0.7568698292066794,0.8425824541969966,0.8560840798630973
0.31438305512806797,0.2580329501962981,0.3928905677312111,0.0315192097075403,0.5582369673892338
0.507405707855101,0.7881787749049839,0.14041316986005792,0.39911157523679797,0.9559812682683559
0.5918683696141733,0.012016512912049082,0.3040036067292554,0.8629895044493124,0.1960286972461398
0.5569546883815776,0.024260142884524716,0.23438341829104248,0.4622137850768867,0.4001690626936931
0.011804616587577477,0.7195137050941385,0.9504858906755959,0.34839175320473137,0.9074874257987372
0.26720648901951594,0.8451200174767179,0.6279022108266624,0.255937049154946,0.2813448391231099
0.5446808328321563,0.7749935640497957,0.7162168946722554,0.8045278369599026,0.46764394336950266
0.3342303618406758,0.4339215937417691,0.8469945990483938,0.6429104461254987,0.5850109565376584
0.5174635037257319,0.9349326162067213,0.19426698547300103,0.02586740115074826,0.3444033037371187
0.5259101325594369,0.4004096014084262,0.5653949953756812,0.7180803032839463,0.7763833577632244
0.5975274143066985,0.7778212925211979,0.0448312986686048,0.2482149611104586,0.36956631381888017
0.6023016618482298,0.7763073088024909,0.4820972087122226,0.7088134094748869,0.8214227087212361
0.013223844117410621,0.36615497747449066,0.490673408360052,0.7700790539003088,0.6553894927142414
0.7992801600934732,0.5417277160056403,0.9270055068433759,0.04257525352322389,0.37716310364634964
0.746250271744672,0.12664842442466728,0.12897597459645405,0.6379872530304812,0.2722847688283614
0.20294053013080793,0.7393926152707638,0.04497133624809224,0.7206855691623768,0.5702316949507164
0.714341220513805,0.08403767266897966,0.5908566620071682,0.7803065771329317,0.7815465400132985
0.6031890096804794,0.9828135311525628,0.16074464029919244,0.662538694062336,0.23808309646197845
0.18052077677179157,0.14076661204069163,0.419256342353288,0.86219313614237,0.5178196058023786
0.4992143628093185,0.23387354444418063,0.97237698677011,0.23132685374459605,0.21209780247002907
0.9058716514270915,0.8432029490488923,0.3557567342483535,0.5986878811007385,0.17014416973625035
0.9323041859169608,0.707744059017241,0.9491836183448348,0.03714006179840679,0.026465942757499694
0.6713006837917365,0.31794026416031573,0.6091194448141508,0.5240746212422855,0.6164459950192965
0.6384943452895859,0.2080830235598944,0.12244942269719539,0.8364447191262449,0.5934026471710357
0.19064886165710415,0.0021452375254338296,0.33114855824348555,0.46241236746920866,0.3397395597720595
0.2876137270087612,0.31731219924388987,0.8649458987402843,0.7931386924768776,0.48836587296792666
0.5511685687883625,0.13589722053469122,0.4817371764477303,0.7532106318096251,0.21974182472932635
0.11018885688543167,0.7918640204617454,0.023172914676816148,0.3007417720630253,0.7202078681385963
0.6061002026212853,0.22358693182024225,0.7093255623243554,0.6479317851134934,0.025261807707858908
0.3650639944514542,0.38798080311436667,0.6706939678516584,0.69077311999424,0.3691514450892279
0.6377974691717772,0.9995735061658138,0.23368615533089976,0.35782107318322465,0.5161769681941809
0.4096921399812924,0.5498220245715164,0.2012802254371544,0.8049245212103817,0.515433302144254
0.12739315199842438,0.27703370334686916,0.44415442618132717,0.4530557902397021,0.2075676188210721
0.8903508023903388,0.07825278304733763,0.3089268366046668,0.8850169370454603,0.5898847573601762
0.19465345199899786,0.3726671038521908,0.10408026270814796,0.5267335557378806,0.28286859584743074
0.8782392406671355,0.9383080033389098,0.46093640365857824,0.7652542767206875,0.9876407904898121
0.9432024462510951,0.934743571369539,0.21999714811932392,0.011685573400376237,0.8882564885097406
0.017387455901706428,0.09516092708906632,0.7254980416152783,0.16347727816844193,0.30202176887183474
0.24363196136099485,0.7335631804141292,0.10163171250979364,0.8325260526775188,0.01622010852971545
0.8680276196578045,0.5523657002958565,0.21144077997833377,0.440146210215281,0.2408617351207939
0.004869236061320836,0.8157577233561675,0.8813531835160615,0.9046825801960845,0.7041213955222935
0.9909446226431732,0.39927653286700704,0.909434229507401,0.47059043245892707,0.37979054200435014
0.8228190408033772,0.9644139598126069,0.43814469967636016,0.8968673606543084,0.7740792389169747
0.17788320232486965,0.5673930068768607,0.8111147942636291,0.3394315988665503,0.12159763897314324
